cityName,country,lat,lng,temp,minTemp,maxTemp,seaLevel,grndLevel,humidity,cloudiness,winds,windDegrees,date
Ahuimanu,US,21.44,-157.84,80.02,77.0,82.04,,,66,40,12.75,70.0,2018-11-12
Colon,US,41.3,-96.61,24.49,23.0,24.98,,,56,90,14.99,330.0,2018-11-12
Abilene,US,32.45,-99.73,33.66,33.26,33.98,,,69,90,19.46,360.0,2018-11-12
Ketchikan,US,55.34,-131.65,50.38,46.04,53.96,,,73,1,9.17,60.0,2018-11-12
Kapaa,US,22.08,-159.32,79.86,78.98,80.96,,,49,75,13.87,60.0,2018-11-12
Tucumcari,US,35.17,-103.73,30.92,30.92,30.92,,,63,90,9.17,70.0,2018-11-12
North Bend,US,43.41,-124.22,64.94,64.94,64.94,,,26,1,2.8,111.001,2018-11-12
North Platte,US,41.12,-100.77,32.0,32.0,32.0,,,37,1,12.75,350.0,2018-11-12
Bethel,US,60.79,-161.76,23.0,23.0,23.0,,,95,75,13.87,30.0,2018-11-12
New Castle,US,41.0,-80.35,39.25,35.96,42.08,,,55,90,3.36,140.0,2018-11-12
Warren,US,42.48,-83.03,40.33,38.48,42.08,,,49,90,3.36,220.0,2018-11-12
Lewiston,US,46.42,-117.02,41.61,41.0,42.08,,,52,1,6.93,140.0,2018-11-12
Juneau,US,58.3,-134.42,43.75,42.08,44.96,,,85,90,14.99,100.0,2018-11-12
Kodiak,US,39.95,-94.76,26.96,26.96,26.96,,,68,90,18.34,350.0,2018-11-12
Ukiah,US,39.15,-123.21,68.0,68.0,68.0,,,9,1,2.64,100.501,2018-11-12
Pacific Grove,US,36.62,-121.92,73.15,68.0,75.92,,,15,1,1.86,100.001,2018-11-12
Port Huron,US,42.98,-82.44,40.86,40.64,41.0,,,60,90,8.46,231.001,2018-11-12
Marion,US,38.35,-97.02,25.59,24.98,26.06,,,74,90,20.8,360.0,2018-11-12
Astoria,US,46.19,-123.83,60.98,60.98,60.98,,,30,1,11.41,90.0,2018-11-12
Destin,US,30.39,-86.5,74.7,73.04,75.92,,,93,90,9.17,200.0,2018-11-12
Pleasanton,US,37.66,-121.87,66.58,64.4,69.8,,,34,1,4.09,65.0015,2018-11-12
Nampa,US,43.57,-116.56,45.07,44.06,46.4,,,24,1,3.42,186.501,2018-11-12
Fairmont,US,40.64,-97.59,24.53,23.0,25.52,,,57,20,17.22,360.0,2018-11-12
Santa Barbara,US,34.42,-119.7,77.49,75.02,78.98,,,11,1,10.29,230.0,2018-11-12
Hilo,US,19.71,-155.08,71.64,68.36,75.92,,,76,90,8.05,260.0,2018-11-12
Elko,US,40.83,-115.76,41.0,41.0,41.0,,,28,1,2.35,288.501,2018-11-12
Venice,US,27.1,-82.45,82.45,82.04,82.94,,,74,1,8.05,200.0,2018-11-12
Merrill,US,42.03,-121.6,53.96,53.96,53.96,,,14,1,3.65,92.0015,2018-11-12
Ada,US,47.3,-96.52,11.8,8.6,14.0,,,56,1,6.93,300.0,2018-11-12
Lively,US,33.6,-99.18,36.15,36.15,36.15,1043.91,998.54,80,88,26.13,7.50146,2018-11-12
Steamboat Springs,US,40.48,-106.83,27.03,21.2,30.92,,,37,40,4.7,350.0,2018-11-12
Kahului,US,20.89,-156.47,80.28,75.92,84.92,,,49,20,17.22,50.0,2018-11-12
Rexburg,US,43.82,-111.79,32.83,28.04,35.96,,,30,1,5.82,,2018-11-12
Fairbanks,US,64.84,-147.72,26.17,23.36,28.94,,,94,90,6.26,20.0015,2018-11-12
Elizabeth City,US,36.3,-76.22,54.73,51.98,57.38,,,93,90,5.82,116.501,2018-11-12
Conway,US,35.09,-92.44,42.46,39.2,44.6,,,86,90,4.7,320.0,2018-11-12
Morgan City,US,29.7,-91.21,63.34,60.98,66.2,,,100,90,7.16,257.501,2018-11-12
Durango,US,37.28,-107.88,35.19,30.92,37.94,,,51,20,12.75,280.0,2018-11-12
Half Moon Bay,US,37.46,-122.43,66.83,64.4,69.8,,,34,1,2.91,50.5015,2018-11-12
Virginia Beach,US,36.85,-75.98,53.04,50.18,55.94,,,93,90,6.93,90.0,2018-11-12
Lady Lake,US,28.92,-81.92,82.63,80.6,84.92,,,69,40,3.36,260.0,2018-11-12
Marquette,US,46.54,-87.4,26.92,23.0,28.94,,,79,90,10.29,310.0,2018-11-12
Lompoc,US,34.64,-120.46,74.73,70.34,77.0,,,11,1,10.29,230.0,2018-11-12
Lebanon,US,43.64,-72.25,40.39,37.94,42.98,,,56,1,4.7,170.0,2018-11-12
Storm Lake,US,42.64,-95.21,22.28,21.2,23.72,,,57,75,17.22,340.0,2018-11-12
Russellville,US,35.28,-93.13,42.08,42.08,42.08,,,67,90,16.11,10.0,2018-11-12
Havelock,US,34.88,-76.9,60.13,55.04,69.08,,,93,90,10.29,70.0,2018-11-12
Eureka,US,40.8,-124.16,58.75,55.94,62.6,,,45,1,4.7,320.0,2018-11-12
El Campo,US,29.2,-96.27,51.66,49.1,53.06,,,82,90,14.99,330.0,2018-11-12
Blytheville,US,35.93,-89.92,41.94,41.0,42.8,,,93,100,12.75,360.0,2018-11-12
Mastic Beach,US,40.77,-72.85,47.1,45.68,48.02,,,67,1,8.34,202.501,2018-11-12
Ponca City,US,36.73,-97.07,28.53,26.96,30.02,,,71,90,26.4,360.0,2018-11-12
Rawlins,US,41.79,-107.24,23.79,23.0,24.98,,,54,75,16.11,280.0,2018-11-12
Lander,US,42.83,-108.73,28.17,26.06,30.02,,,54,1,3.36,120.0,2018-11-12
Anchorage,US,61.22,-149.89,35.49,33.8,37.04,,,92,75,10.18,95.0015,2018-11-12
Sitka,US,37.17,-99.65,28.59,28.59,28.59,1049.83,971.22,76,64,21.36,1.50146,2018-11-12
Grass Valley,US,39.22,-121.06,63.54,57.92,66.38,,,12,1,6.93,290.0,2018-11-12
Saint Joseph,US,39.77,-94.85,26.96,26.96,26.96,,,68,90,18.34,350.0,2018-11-12
Shawnee,US,35.33,-96.93,28.72,28.04,30.2,,,86,90,17.22,360.0,2018-11-12
Bolivar,US,37.61,-93.41,28.04,28.04,28.04,,,81,90,19.46,350.0,2018-11-12
Old Orchard Beach,US,43.52,-70.38,41.45,39.02,42.98,,,59,1,5.82,231.501,2018-11-12
Mandan,US,46.83,-100.89,19.31,17.6,21.02,,,61,90,3.36,280.0,2018-11-12
Mount Pleasant,US,33.16,-94.97,42.22,41.0,43.34,,,89,90,17.22,340.0,2018-11-12
Kenai,US,60.55,-151.26,40.44,39.92,41.0,,,92,90,18.34,30.0,2018-11-12
Fergus Falls,US,46.28,-96.08,13.77,10.4,17.06,,,66,1,8.05,350.0,2018-11-12
Grants,US,35.15,-107.85,26.16,26.16,26.16,1044.48,794.27,48,20,11.41,117.001,2018-11-12
Menomonie,US,44.88,-91.92,18.64,16.7,21.2,,,55,90,10.29,300.0,2018-11-12
Scottsbluff,US,41.87,-103.67,35.06,35.06,35.06,,,30,1,14.99,300.0,2018-11-12
Laurinburg,US,34.77,-79.46,46.51,44.06,50.0,,,92,90,12.75,70.0,2018-11-12
Danville,US,36.59,-79.4,39.49,37.4,42.08,,,95,90,11.41,40.0,2018-11-12
Worthington,US,43.62,-95.6,19.24,17.24,21.92,,,61,75,16.11,330.0,2018-11-12
Utica,US,43.1,-75.23,44.96,44.96,44.96,,,47,75,3.36,90.0,2018-11-12
Emporia,US,38.4,-96.18,26.06,26.06,26.06,,,74,90,17.22,360.0,2018-11-12
Port Hueneme,US,34.15,-119.2,77.61,75.02,78.98,,,5,1,24.16,70.0,2018-11-12
Payson,US,40.04,-111.73,38.25,37.94,38.48,,,30,1,5.82,250.0,2018-11-12
Nantucket,US,41.28,-70.1,44.65,41.0,46.04,,,65,1,4.7,200.0,2018-11-12
Valdosta,US,30.83,-83.28,68.61,67.28,69.98,,,88,1,3.36,130.0,2018-11-12
Lock Haven,US,41.14,-77.45,43.14,41.0,44.06,,,56,90,3.31,162.001,2018-11-12
Merritt Island,US,28.54,-80.67,81.05,77.0,84.02,,,85,40,5.82,150.0,2018-11-12
Vicksburg,US,32.35,-90.88,53.98,53.06,55.04,,,100,90,6.93,360.0,2018-11-12
Klamath Falls,US,42.22,-121.78,53.96,53.96,53.96,,,14,1,3.65,92.0015,2018-11-12
Key Largo,US,25.09,-80.45,83.84,82.4,84.92,,,74,40,10.29,80.0,2018-11-12
Edgewater,US,28.99,-80.9,79.36,75.2,84.02,,,88,75,11.41,140.0,2018-11-12
Indianapolis,US,39.77,-86.16,40.44,36.86,42.08,,,76,90,6.93,360.0,2018-11-12
Mount Juliet,US,36.2,-86.52,47.53,46.4,48.2,,,89,90,11.41,10.0,2018-11-12
Huron,US,44.36,-98.21,22.42,21.92,23.0,,,49,1,12.75,330.0,2018-11-12
Pecos,US,31.42,-103.49,37.9,37.04,38.84,,,53,90,17.22,10.0,2018-11-12
Sturgeon Bay,US,44.83,-87.38,28.94,28.94,28.94,,,60,90,6.93,310.0,2018-11-12
Charleston,US,38.35,-81.63,41.0,41.0,41.0,,,88,90,3.36,90.0,2018-11-12
Starkville,US,33.45,-88.82,51.46,50.0,51.98,,,100,90,5.82,40.0,2018-11-12
Hilton Head Island,US,32.16,-80.75,64.78,60.8,68.0,,,100,90,5.82,60.0,2018-11-12
Uvalde,US,29.21,-99.79,48.42,47.84,48.92,,,69,90,19.46,350.0,2018-11-12
Leon Valley,US,29.5,-98.62,48.42,42.8,51.98,,,75,90,24.16,360.0,2018-11-12
Findlay,US,41.04,-83.65,40.41,39.02,41.0,,,64,90,3.36,340.0,2018-11-12
Columbus,US,32.46,-84.99,51.28,45.68,60.98,,,100,90,5.82,20.0,2018-11-12
Fallon,US,46.84,-105.12,32.0,32.0,32.0,,,58,1,9.17,260.0,2018-11-12
Keokuk,US,40.4,-91.39,26.64,26.06,26.96,,,73,90,10.29,320.0,2018-11-12
Sterling,US,39.0,-77.4,45.52,43.34,48.2,,,70,90,4.7,130.0,2018-11-12
Canon City,US,39.46,-117.13,41.5,41.5,41.5,1046.55,823.53,13,0,3.58,5.00146,2018-11-12
Coatesville,US,39.98,-75.82,45.52,42.8,48.02,,,56,1,3.8,160.501,2018-11-12
Ojinaga,US,29.56,-104.41,55.05,55.05,55.05,1034.95,913.59,38,0,11.48,54.0015,2018-11-12
Big Spring,US,32.25,-101.48,35.06,33.62,36.14,,,69,90,27.51,360.0,2018-11-12
Monroe,US,41.91,-83.4,40.06,37.94,42.08,,,75,90,5.77,254.001,2018-11-12
Panama City,US,30.16,-85.65,74.46,73.94,75.02,,,87,90,13.87,140.0,2018-11-12
Pampa,US,35.54,-100.96,29.82,28.4,31.64,,,74,90,16.11,10.0,2018-11-12
Port Arthur,US,29.9,-93.93,54.75,52.7,57.2,,,83,90,18.34,340.0,2018-11-12
Aransas Pass,US,27.91,-97.15,55.72,53.06,57.02,,,85,90,29.97,350.0,2018-11-12
Rapid Valley,US,44.06,-103.15,27.95,24.08,30.2,,,48,1,5.82,170.0,2018-11-12
Altus,US,34.64,-99.33,32.43,30.92,33.98,,,67,90,24.16,360.0,2018-11-12
West Wendover,US,40.74,-114.07,39.02,39.02,39.02,,,33,1,6.93,180.0,2018-11-12
Harrison,US,39.26,-84.82,43.02,42.08,44.06,,,53,90,5.82,40.0,2018-11-12
Spearfish,US,44.49,-103.86,30.2,30.2,30.2,,,39,1,14.99,300.0,2018-11-12
Colorado Springs,US,38.83,-104.83,24.98,17.6,30.92,,,52,1,6.93,220.0,2018-11-12
New Albany,US,38.29,-85.82,42.93,40.64,46.04,,,97,90,5.82,20.0,2018-11-12
Kirksville,US,40.19,-92.58,25.45,24.8,26.06,,,68,90,14.99,320.0,2018-11-12
Twin Falls,US,42.57,-114.46,39.63,39.02,39.92,,,27,1,8.05,30.0,2018-11-12
Pella,US,41.41,-92.92,25.0,23.0,26.96,,,59,90,13.87,340.0,2018-11-12
Great Falls,US,47.5,-111.29,33.37,32.72,33.98,,,62,20,17.22,230.0,2018-11-12
Logansport,US,40.75,-86.36,37.96,37.4,39.02,,,76,90,6.93,360.0,2018-11-12
Westerville,US,40.13,-82.93,39.94,37.4,42.08,,,48,90,2.91,122.501,2018-11-12
Wasilla,US,61.58,-149.44,35.51,33.8,37.04,,,100,40,3.02,60.0015,2018-11-12
Del Rio,US,29.36,-100.9,48.02,48.02,48.02,,,65,90,14.99,320.0,2018-11-12
Green Valley,US,40.41,-89.64,30.24,28.94,32.0,,,93,90,10.29,340.0,2018-11-12
Prattville,US,32.46,-86.46,48.72,45.5,51.08,,,96,90,9.17,60.0,2018-11-12
Brattleboro,US,42.85,-72.56,39.7,33.98,44.96,,,72,1,3.87,208.501,2018-11-12
Hattiesburg,US,31.33,-89.29,55.69,55.4,55.94,,,93,90,9.17,30.0,2018-11-12
Helena,US,46.59,-112.04,33.98,33.98,33.98,,,45,1,8.05,100.0,2018-11-12
Marinette,US,45.1,-87.63,29.53,28.94,30.02,,,55,90,8.05,340.0,2018-11-12
South Lake Tahoe,US,38.93,-119.98,50.85,48.2,51.98,,,14,1,13.87,80.0,2018-11-12
Clearlake,US,38.96,-122.63,66.43,64.94,68.0,,,9,1,3.31,35.5015,2018-11-12
Bastrop,US,32.78,-91.91,45.79,43.88,48.02,,,98,90,10.29,320.0,2018-11-12
Springfield,US,37.22,-93.29,28.04,28.04,28.04,,,81,90,19.46,350.0,2018-11-12
Tooele,US,40.53,-112.3,39.13,37.94,41.0,,,35,1,12.75,320.0,2018-11-12
Maumee,US,41.56,-83.65,39.63,37.94,41.36,,,64,90,3.36,340.0,2018-11-12
Maryville,US,40.35,-94.87,27.09,26.6,28.04,,,58,90,14.99,10.0,2018-11-12
Nuevo Progreso,US,26.05,-97.95,62.37,60.08,64.94,,,75,90,20.8,360.0,2018-11-12
Roanoke,US,37.27,-79.94,36.28,35.42,37.04,,,92,90,3.36,110.0,2018-11-12
Clarksburg,US,39.28,-80.34,40.24,39.2,42.08,,,72,90,2.3,49.5015,2018-11-12
Norfolk,US,36.85,-76.29,52.52,50.0,55.94,,,93,90,5.82,116.501,2018-11-12
Ridgecrest,US,35.62,-117.67,62.96,62.96,62.96,,,6,1,4.7,50.0,2018-11-12
Stephenville,US,32.22,-98.2,37.78,36.14,39.56,,,84,90,21.92,350.0,2018-11-12
Truckee,US,39.33,-120.18,51.64,48.2,57.92,,,13,5,8.05,33.0,2018-11-12
Woodward,US,36.43,-99.39,28.67,28.4,28.94,,,66,40,21.92,360.0,2018-11-12
College,US,64.86,-147.8,26.15,23.36,28.94,,,94,90,6.26,20.0015,2018-11-12
Odessa,US,31.85,-102.37,35.44,35.06,36.14,,,61,90,20.8,20.0,2018-11-12
Winnemucca,US,40.97,-117.74,48.02,48.02,48.02,,,18,1,4.7,20.0,2018-11-12
Hermiston,US,45.84,-119.29,31.66,28.04,33.98,,,78,90,4.7,90.0,2018-11-12
Kailua,US,21.39,-157.74,80.02,77.0,82.04,,,66,40,12.75,70.0,2018-11-12
Baker City,US,44.77,-117.83,46.04,46.04,46.04,,,32,1,11.41,80.0,2018-11-12
Price,US,39.6,-110.81,37.04,37.04,37.04,,,23,1,5.82,190.0,2018-11-12
LaPlace,US,30.07,-90.48,66.18,60.8,78.08,,,96,90,5.82,340.0,2018-11-12
Bismarck,US,46.81,-100.78,19.26,17.6,21.02,,,61,90,3.36,280.0,2018-11-12
Wilmington,US,39.75,-75.55,46.26,42.8,48.02,,,56,1,6.89,160.001,2018-11-12
Mountain Home,US,43.13,-115.69,43.93,42.44,44.96,,,29,1,9.17,120.0,2018-11-12
Sonoita,US,31.68,-110.66,59.02,54.14,64.22,,,11,1,10.29,30.0,2018-11-12
Healdsburg,US,38.61,-122.87,66.49,64.94,68.0,,,24,1,10.29,160.0,2018-11-12
Bucksport,US,33.66,-79.1,52.79,46.4,57.92,,,100,90,8.79,118.501,2018-11-12
Belle Glade,US,26.68,-80.67,82.27,82.04,82.4,,,65,1,10.29,150.0,2018-11-12
Arthur,US,41.57,-101.69,33.44,33.44,33.44,,,30,1,14.99,330.0,2018-11-12
Lamar,US,38.09,-102.62,30.92,30.92,30.92,,,60,75,13.87,350.0,2018-11-12
Natchitoches,US,31.76,-93.09,51.87,47.3,53.96,,,94,90,14.99,340.0,2018-11-12
Canyon,US,34.98,-101.92,29.19,26.96,31.1,,,74,90,20.8,10.0,2018-11-12
Bozeman,US,45.68,-111.04,30.09,26.06,35.6,,,24,1,2.42,213.001,2018-11-12
Sheridan,US,39.65,-105.03,26.4,17.6,33.8,,,58,1,3.36,120.0,2018-11-12
Farmington,US,36.73,-108.21,32.94,30.92,35.96,,,39,75,3.36,140.0,2018-11-12
Wahpeton,US,46.27,-96.61,13.69,12.2,15.8,,,56,20,12.75,330.0,2018-11-12
Anahuac,US,29.77,-94.68,52.86,50.0,55.94,,,87,90,14.99,320.0,2018-11-12
Salem,US,44.94,-123.03,55.96,55.04,57.02,,,35,1,9.17,340.0,2018-11-12
Grand Island,US,40.92,-98.34,25.81,23.0,28.04,,,55,1,14.99,360.0,2018-11-12
Wichita Falls,US,33.91,-98.49,33.26,32.0,33.98,,,78,90,28.86,10.0,2018-11-12
Wooster,US,40.8,-81.94,39.27,37.04,41.0,,,48,90,6.93,140.0,2018-11-12
Cumberland,US,41.97,-71.43,45.73,42.98,48.92,,,60,90,3.36,210.0,2018-11-12
Butte,US,46.01,-112.54,24.98,24.98,24.98,,,59,1,2.86,224.501,2018-11-12
Cheyenne,US,41.14,-104.82,24.08,24.08,24.08,,,45,1,18.34,340.0,2018-11-12
Isla Vista,US,34.41,-119.86,75.99,73.94,78.08,,,11,1,10.29,230.0,2018-11-12
Hoquiam,US,46.98,-123.89,58.86,57.92,60.08,,,34,1,16.11,70.0,2018-11-12
Callaway,US,46.98,-95.91,12.97,12.2,14.0,,,66,40,10.29,320.0,2018-11-12
Lake City,US,38.03,-107.32,24.35,24.08,24.8,,,35,75,9.17,280.0,2018-11-12
Miles City,US,46.41,-105.84,32.0,32.0,32.0,,,55,1,8.05,250.0,2018-11-12
Brigantine,US,39.41,-74.36,48.56,46.94,50.0,,,68,1,3.36,50.0,2018-11-12
Ellsworth,US,38.73,-98.23,24.62,23.0,26.96,,,65,90,23.04,360.0,2018-11-12
Lewistown,US,40.39,-90.15,27.79,26.06,28.94,,,88,90,12.75,340.0,2018-11-12
Mount Holly,US,39.99,-74.79,47.43,44.96,48.92,,,53,1,4.03,163.001,2018-11-12
Vincennes,US,38.68,-87.53,42.82,40.46,46.04,,,57,90,11.41,360.0,2018-11-12
Coos Bay,US,43.37,-124.22,64.94,64.94,64.94,,,26,1,2.8,111.001,2018-11-12
Lake Havasu City,US,34.47,-114.34,67.32,66.2,68.0,,,10,1,26.4,310.0,2018-11-12
Glenwood Springs,US,39.55,-107.33,27.16,12.2,37.04,,,51,75,2.91,324.001,2018-11-12
San Angelo,US,31.46,-100.44,37.04,37.04,37.04,,,72,90,21.92,360.0,2018-11-12
Hutchinson,US,38.06,-97.93,26.01,24.98,26.96,,,80,90,17.22,360.0,2018-11-12
Belle Fourche,US,44.67,-103.85,30.2,30.2,30.2,,,39,1,14.99,300.0,2018-11-12
Jasper,US,33.83,-87.28,48.11,46.04,50.0,,,100,92,5.77,90.5015,2018-11-12
Bemidji,US,47.48,-94.89,12.42,10.4,14.0,,,64,90,11.41,300.0,2018-11-12
Brainerd,US,46.36,-94.2,14.56,12.2,19.04,,,56,90,8.05,350.0,2018-11-12
Flagstaff,US,35.2,-111.65,39.7,33.98,48.2,,,15,1,11.41,60.0,2018-11-12
Seminole,US,32.72,-102.64,32.34,32.0,32.72,,,57,90,20.8,10.0,2018-11-12
Puerto Palomas,US,31.78,-107.63,48.92,48.92,48.92,,,24,1,17.22,50.0,2018-11-12
Salina,US,36.29,-95.15,31.21,30.2,32.0,,,86,90,12.75,360.0,2018-11-12
Ormond Beach,US,29.29,-81.06,77.65,75.2,82.04,,,100,75,6.93,120.0,2018-11-12
West Monroe,US,32.52,-92.15,45.81,43.88,48.02,,,92,90,14.99,350.0,2018-11-12
Albert Lea,US,43.65,-93.37,18.99,17.6,21.2,,,67,75,8.05,320.0,2018-11-12
Aberdeen,US,45.47,-98.49,21.92,21.92,21.92,,,45,1,3.36,310.0,2018-11-12
Cody,US,44.53,-109.06,30.92,30.92,30.92,,,53,1,10.29,100.0,2018-11-12
Madison,US,43.07,-89.38,24.78,23.36,26.42,,,57,90,10.29,330.0,2018-11-12
Alamosa,US,37.47,-105.87,24.08,24.08,24.08,,,47,20,8.05,320.0,2018-11-12
Independence,US,39.09,-94.42,26.83,24.98,30.02,,,70,90,17.22,360.0,2018-11-12
Monticello,US,45.31,-93.79,19.94,17.96,21.92,,,55,90,10.29,290.0,2018-11-12
Butler,US,41.43,-84.87,39.06,37.4,40.1,,,76,90,4.59,305.501,2018-11-12
Beckley,US,37.78,-81.19,37.76,35.96,40.1,,,88,90,3.36,90.0,2018-11-12
Union,US,47.36,-123.1,57.18,52.16,60.98,,,40,1,5.82,160.0,2018-11-12
Hopewell,US,37.3,-77.29,47.01,43.88,51.8,,,95,90,3.36,360.0,2018-11-12
Albemarle,US,35.35,-80.2,41.52,38.48,44.78,,,100,90,5.82,340.0,2018-11-12
Temecula,US,33.49,-117.15,77.02,70.7,82.04,,,5,1,6.15,57.5015,2018-11-12
Washougal,US,45.58,-122.35,52.12,44.06,55.94,,,59,1,32.21,90.0,2018-11-12
Ruidoso,US,33.33,-105.67,37.42,23.0,43.52,,,73,75,13.87,90.0,2018-11-12
Kewanee,US,41.25,-89.92,29.05,27.68,31.28,,,88,90,10.29,340.0,2018-11-12
Selma,US,36.57,-119.61,68.81,68.0,69.98,,,19,1,3.58,211.001,2018-11-12
Greensboro,US,36.07,-79.79,39.0,37.4,42.08,,,95,90,9.84,36.5015,2018-11-12
Cedar City,US,37.68,-113.06,39.92,39.92,39.92,,,32,1,12.75,350.0,2018-11-12
Saint Marys,US,41.43,-78.56,39.88,37.04,42.08,,,50,90,5.82,130.0,2018-11-12
Hollins,US,37.35,-79.95,36.16,35.42,37.04,,,92,90,3.36,110.0,2018-11-12
Bainbridge,US,30.9,-84.58,71.69,69.8,73.4,,,78,40,3.36,170.0,2018-11-12
Garfield Heights,US,41.42,-81.61,39.18,36.5,41.0,,,48,75,2.08,190.001,2018-11-12
Oneonta,US,42.45,-75.06,40.69,40.69,40.69,1040.43,981.11,53,76,3.8,200.001,2018-11-12
Portage Lakes,US,41.0,-81.54,39.38,36.5,41.0,,,48,90,6.93,140.0,2018-11-12
Imperial Beach,US,32.58,-117.11,77.34,73.4,82.04,,,6,1,23.04,110.0,2018-11-12
Indianola,US,40.24,-100.42,29.93,29.84,30.02,,,47,1,12.75,330.0,2018-11-12
Rockledge,US,40.08,-75.09,46.22,42.8,48.92,,,48,1,4.03,163.001,2018-11-12
Pierre,US,44.37,-100.35,26.06,26.06,26.06,,,54,1,10.29,270.0,2018-11-12
Bogalusa,US,30.79,-89.85,63.7,60.8,68.0,,,89,90,3.36,40.0,2018-11-12
Cookeville,US,36.16,-85.5,45.57,42.8,48.2,,,93,75,5.82,330.0,2018-11-12
Yuma,US,32.73,-114.62,70.25,69.8,71.06,,,6,1,18.34,10.0,2018-11-12
Monterey,US,36.6,-121.89,73.17,68.0,75.92,,,15,1,1.86,100.001,2018-11-12
Ewa Beach,US,21.32,-158.01,80.01,77.0,82.04,,,52,20,11.41,80.0,2018-11-12
Neenah,US,44.19,-88.46,27.16,26.06,28.94,,,45,90,11.41,300.0,2018-11-12
Dallas,US,32.78,-96.8,38.57,37.04,41.0,,,76,90,23.04,340.0,2018-11-12
Two Rivers,US,44.15,-87.57,27.68,26.06,28.94,,,60,90,6.93,300.0,2018-11-12
Wilmington Island,US,32.0,-80.97,64.65,60.8,68.0,,,100,90,5.82,60.0,2018-11-12
Hurricane,US,37.18,-113.29,45.41,39.92,51.98,,,18,1,5.82,270.0,2018-11-12
Mount Clemens,US,42.6,-82.88,40.71,39.2,42.08,,,49,90,3.36,220.0,2018-11-12
Dothan,US,31.22,-85.39,67.41,64.4,71.06,,,90,90,5.82,290.0,2018-11-12
East Brunswick,US,40.43,-74.42,46.87,44.06,48.92,,,55,1,5.1,167.501,2018-11-12
Houston,US,29.76,-95.37,50.4,48.2,51.98,,,81,90,17.22,340.0,2018-11-12
Micco,US,27.85,-80.5,81.57,79.16,82.94,,,72,40,14.99,140.0,2018-11-12
Poplar Bluff,US,36.76,-90.39,39.72,39.02,41.0,,,75,90,13.87,10.0,2018-11-12
Hueytown,US,33.45,-87.0,50.5,48.92,53.96,,,92,90,10.29,70.0,2018-11-12
Loveland,US,40.4,-105.08,29.86,26.06,33.8,,,50,1,5.14,155.001,2018-11-12
Fall River,US,41.7,-71.15,46.22,42.98,48.92,,,65,20,3.36,200.0,2018-11-12
Whitewater,US,42.83,-88.73,26.4,24.08,28.94,,,64,90,9.17,330.0,2018-11-12
Carbondale,US,38.82,-95.69,27.72,24.98,30.02,,,57,90,16.11,360.0,2018-11-12
Key West,US,47.93,-96.78,11.86,8.6,14.0,,,71,1,6.93,330.0,2018-11-12
Mitchell,US,43.71,-98.03,23.0,23.0,23.0,,,49,1,12.75,330.0,2018-11-12
Red Wing,US,44.56,-92.53,20.37,17.6,21.92,,,41,75,9.17,330.0,2018-11-12
Redmond,US,47.67,-122.12,57.18,51.98,60.98,,,38,40,3.36,290.0,2018-11-12
Elk City,US,35.41,-99.4,29.88,28.4,30.92,,,74,90,23.04,360.0,2018-11-12
Charlestown,US,41.38,-71.64,46.81,44.96,48.92,,,70,75,6.93,180.0,2018-11-12
Gatesville,US,31.44,-97.74,41.61,41.0,42.08,,,80,90,20.8,340.0,2018-11-12
Meridian,US,32.36,-88.7,54.46,53.96,55.04,,,86,90,3.91,73.0015,2018-11-12
Evanston,US,42.04,-87.69,31.6,28.94,34.16,,,68,90,8.05,320.0,2018-11-12
Clearwater,US,27.97,-82.8,83.93,82.4,87.8,,,69,75,6.93,210.0,2018-11-12
Cleburne,US,32.35,-97.39,38.91,37.04,41.54,,,86,90,23.04,330.0,2018-11-12
Deming,US,32.27,-107.76,44.89,40.46,48.92,,,38,90,20.8,70.0,2018-11-12
Chesapeake,US,36.72,-76.25,52.79,50.18,55.94,,,93,90,5.82,116.501,2018-11-12
Memphis,US,35.15,-90.05,42.46,41.0,42.98,,,96,90,14.99,360.0,2018-11-12
Ruston,US,32.52,-92.64,45.86,43.88,48.02,,,94,90,6.93,340.0,2018-11-12
Benton,US,34.56,-92.59,42.69,41.0,44.6,,,92,90,3.36,,2018-11-12
Sioux City,US,42.5,-96.41,22.35,20.3,24.8,,,53,75,13.87,340.0,2018-11-12
East Wenatchee Bench,US,47.43,-120.28,36.52,30.92,39.02,,,92,1,4.7,200.0,2018-11-12
Grinnell,US,41.74,-92.72,24.35,23.0,25.7,,,64,90,12.75,340.0,2018-11-12
Susanville,US,40.42,-120.65,48.2,48.2,48.2,,,23,1,6.93,110.0,2018-11-12
Brookings,US,44.31,-96.8,18.7,17.06,22.46,,,61,12,12.75,340.0,2018-11-12
Fountain Hills,US,33.61,-111.72,65.3,64.04,66.56,,,9,1,11.41,70.0,2018-11-12
Kodiak,US,39.95,-94.76,32.0,32.0,32.0,,,53,1,8.05,130.0,2018-11-14
Sitka,US,37.17,-99.65,26.87,26.87,26.87,1041.7,963.39,69,0,6.96,174.002,2018-11-14
Grants Pass,US,42.44,-123.33,52.65,48.92,55.94,,,35,1,9.17,350.0,2018-11-14
Hilo,US,19.71,-155.08,70.84,62.6,80.96,,,69,1,11.41,110.0,2018-11-14
Houston,US,29.76,-95.37,41.2,33.98,46.04,,,30,1,4.7,,2018-11-14
Great Neck,US,40.8,-73.73,32.99,30.02,35.06,,,42,1,9.17,350.0,2018-11-14
Bethel,US,60.79,-161.76,21.02,21.02,21.02,,,87,40,12.75,40.0,2018-11-14
Hattiesburg,US,31.33,-89.29,34.59,33.8,35.96,,,86,90,11.41,330.0,2018-11-14
Lompoc,US,34.64,-120.46,64.15,58.64,68.0,,,64,1,8.05,270.0,2018-11-14
Andrews,US,32.32,-102.55,47.77,45.86,49.1,,,45,1,3.36,110.0,2018-11-14
Liberal,US,37.04,-100.92,38.48,37.76,39.92,,,73,1,10.29,200.0,2018-11-14
Nacogdoches,US,31.6,-94.66,36.07,33.98,37.4,,,81,0,3.15,309.002,2018-11-14
Medway,US,42.14,-71.4,28.63,24.08,33.98,,,31,1,10.29,360.0,2018-11-14
Kapaa,US,22.08,-159.32,78.49,78.08,78.98,,,64,90,11.41,10.0,2018-11-14
Kahului,US,20.89,-156.47,81.01,77.0,84.02,,,62,40,10.29,20.0,2018-11-14
Marana,US,32.44,-111.22,59.38,57.2,60.8,,,20,1,5.82,110.0,2018-11-14
Elizabethtown,US,40.15,-76.6,34.68,32.0,37.04,,,49,90,3.94,38.0016,2018-11-14
Gonzales,US,36.51,-121.44,62.15,60.98,62.96,,,42,1,5.82,340.0,2018-11-14
Washington DC.,US,38.9,-77.04,38.59,35.6,42.08,,,54,1,5.5,37.5016,2018-11-14
Napoleon,US,46.5,-99.77,39.2,39.2,39.2,,,60,24,5.82,220.0,2018-11-14
Kailua,US,21.39,-157.74,80.4,76.64,82.04,,,62,1,5.82,50.0,2018-11-14
Faribault,US,44.3,-93.27,36.39,33.8,39.02,,,64,1,16.11,170.0,2018-11-14
Alamogordo,US,32.9,-105.96,44.02,43.52,44.6,,,28,1,2.51,96.5013,2018-11-14
Helena,US,46.59,-112.04,41.0,41.0,41.0,,,50,75,8.05,280.0,2018-11-14
Silver City,US,32.77,-108.28,39.38,39.38,39.38,,,36,1,4.7,110.0,2018-11-14
Palestine,US,31.76,-95.63,33.89,32.0,37.4,,,87,1,2.59,322.002,2018-11-14
Cedar City,US,37.68,-113.06,41.0,41.0,41.0,,,40,1,4.7,90.0,2018-11-14
Mill Valley,US,37.91,-122.55,59.16,55.94,62.96,,,33,1,2.73,37.5013,2018-11-14
Fairbanks,US,64.84,-147.72,16.0,14.36,17.06,,,88,20,5.82,70.0,2018-11-14
Somerset,US,37.09,-84.6,32.95,32.0,33.98,,,94,90,6.93,90.0,2018-11-14
Eureka,US,40.8,-124.16,49.01,48.02,50.0,,,82,1,4.7,170.0,2018-11-14
Sturgeon Bay,US,44.83,-87.38,24.06,23.0,24.98,,,80,1,5.82,170.0,2018-11-14
Estelle,US,32.87,-97.01,39.78,35.24,44.96,,,50,1,3.6,7.00165,2018-11-14
Statesville,US,35.78,-80.89,41.43,37.4,44.6,,,91,90,5.82,50.0,2018-11-14
Nuevo Progreso,US,26.05,-97.95,47.89,44.06,51.08,,,55,1,3.6,9.50165,2018-11-14
Morro Bay,US,35.37,-120.85,65.61,64.04,66.92,,,28,1,2.48,30.0016,2018-11-14
Mendota,US,36.75,-120.38,62.33,57.92,66.2,,,39,1,4.7,270.0,2018-11-14
Apex,US,35.73,-78.85,43.29,41.0,44.6,,,81,1,5.82,30.0,2018-11-14
Casper,US,42.87,-106.31,46.04,46.04,46.04,,,36,1,12.75,230.0,2018-11-14
Sunland Park,US,31.8,-106.58,47.79,45.32,49.64,,,28,1,3.15,67.5016,2018-11-14
Bar Harbor,US,44.39,-68.2,17.96,17.96,17.96,,,56,1,12.75,310.0,2018-11-14
Athens,US,34.8,-86.97,37.42,33.8,39.92,,,100,90,5.82,260.0,2018-11-14
Rogers,US,36.33,-94.12,29.57,28.4,30.92,,,60,90,4.7,350.0,2018-11-14
Half Moon Bay,US,37.46,-122.43,59.72,57.92,62.6,,,26,1,10.29,360.0,2018-11-14
North Myrtle Beach,US,33.83,-78.68,49.93,47.3,53.06,,,60,90,18.34,30.0,2018-11-14
Maryville,US,40.35,-94.87,29.89,28.4,32.0,,,58,1,4.7,190.0,2018-11-14
Homer,US,59.64,-151.54,36.37,33.98,39.02,,,81,1,3.36,60.0,2018-11-14
Jennings,US,30.22,-92.66,40.26,37.76,46.04,,,49,1,9.17,320.0,2018-11-14
Anahuac,US,29.77,-94.68,44.94,40.1,50.0,,,68,1,6.93,300.0,2018-11-14
Fort Morgan,US,40.25,-103.8,42.67,37.4,49.28,,,25,0,4.7,260.0,2018-11-14
Ukiah,US,39.15,-123.21,60.08,60.08,60.08,,,23,1,1.92,327.502,2018-11-14
Payette,US,44.08,-116.93,41.31,39.92,42.8,,,39,1,3.36,300.0,2018-11-14
Pacific Grove,US,36.62,-121.92,62.17,60.98,62.96,,,53,1,2.71,27.0016,2018-11-14
Painesville,US,41.72,-81.25,27.93,26.6,30.02,,,63,1,3.36,110.0,2018-11-14
Huron,US,44.36,-98.21,42.89,42.08,44.06,,,54,1,12.75,160.0,2018-11-14
Columbus,US,32.46,-84.99,52.18,50.18,53.6,,,100,75,4.7,,2018-11-14
North Bend,US,43.41,-124.22,53.96,53.96,53.96,,,86,90,2.71,54.0016,2018-11-14
Monroe,US,41.91,-83.4,28.27,26.96,28.94,,,76,1,4.7,40.0,2018-11-14
Elk River,US,45.3,-93.57,37.42,35.42,39.2,,,59,1,11.41,150.0,2018-11-14
Mastic Beach,US,40.77,-72.85,32.32,31.1,33.08,,,42,1,8.05,360.0,2018-11-14
Cortez,US,37.35,-108.58,33.08,33.08,33.08,,,37,1,2.59,297.502,2018-11-14
Van Buren,US,47.16,-67.94,14.63,12.92,15.98,,,58,75,19.46,290.0,2018-11-14
Durant,US,33.99,-96.37,34.2,32.0,36.5,,,49,1,3.36,70.0,2018-11-14
Coos Bay,US,43.37,-124.22,53.96,53.96,53.96,,,86,90,2.71,54.0016,2018-11-14
Raymond,US,43.04,-71.18,22.1,17.06,26.96,,,45,75,11.41,330.0,2018-11-14
Alamosa,US,37.47,-105.87,32.0,32.0,32.0,,,60,1,4.7,340.0,2018-11-14
Indiana,US,40.62,-79.15,27.28,24.98,30.2,,,74,1,3.83,55.5016,2018-11-14
Kingman,US,35.19,-114.05,62.55,51.98,69.8,,,18,1,8.05,50.0,2018-11-14
Kihei,US,20.76,-156.45,81.05,77.0,84.02,,,62,40,10.29,20.0,2018-11-14
Merrill,US,42.03,-121.6,46.94,46.94,46.94,,,22,1,2.48,325.002,2018-11-14
Minot,US,48.23,-101.3,41.43,39.38,44.06,,,57,1,14.99,240.0,2018-11-14
Natchez,US,31.56,-91.4,30.92,30.92,30.92,,,92,1,6.17,3.00165,2018-11-14
Union,US,47.36,-123.1,52.0,48.02,55.94,,,92,75,5.82,200.0,2018-11-14
Watertown,US,44.9,-97.12,43.0,39.02,46.4,,,66,1,11.41,170.0,2018-11-14
Traverse City,US,44.76,-85.62,20.86,17.06,23.72,,,77,1,12.77,191.502,2018-11-14
Evanston,US,42.04,-87.69,29.57,26.96,33.8,,,71,1,10.09,115.002,2018-11-14
Lamar,US,38.09,-102.62,35.06,35.06,35.06,,,78,1,10.29,200.0,2018-11-14
Menomonie,US,44.88,-91.92,31.33,25.34,35.6,,,75,1,6.93,120.0,2018-11-14
Jacksonville,US,30.33,-81.66,69.96,66.2,73.94,,,93,90,13.87,30.0,2018-11-14
Galveston,US,40.58,-86.19,29.34,28.4,30.2,,,77,1,9.17,60.0,2018-11-14
Key West,US,47.93,-96.78,36.9,35.6,37.94,,,86,1,13.87,200.0,2018-11-14
Miles City,US,46.41,-105.84,46.94,46.94,46.94,,,38,1,11.41,270.0,2018-11-14
Dickinson,US,46.88,-102.79,42.08,42.08,42.08,,,54,1,12.75,250.0,2018-11-14
Rapid Valley,US,44.06,-103.15,46.58,42.08,52.16,,,31,1,3.36,260.0,2018-11-14
Gillette,US,44.29,-105.5,37.04,37.04,37.04,,,66,1,6.93,170.0,2018-11-14
Fallon,US,46.84,-105.12,42.98,42.98,42.98,,,48,1,10.29,270.0,2018-11-14
Grand Forks,US,47.91,-97.06,36.91,35.6,37.94,,,86,1,13.87,200.0,2018-11-14
Oakdale,US,37.77,-120.85,59.83,55.04,62.96,,,41,90,4.7,310.0,2018-11-14
Kenai,US,60.55,-151.26,32.36,30.92,33.98,,,100,20,5.82,30.0,2018-11-14
Toppenish,US,46.38,-120.31,30.02,30.02,30.02,,,88,20,4.7,250.0,2018-11-14
Polson,US,47.69,-114.16,37.49,37.49,37.49,1040.24,878.77,79,92,4.72,254.002,2018-11-14
Green River,US,41.53,-109.47,39.92,39.92,39.92,,,37,1,11.41,260.0,2018-11-14
Arvin,US,35.21,-118.83,61.77,55.94,64.94,,,23,1,3.36,280.0,2018-11-14
Salinas,US,36.67,-121.66,62.15,60.98,62.96,,,42,1,5.82,340.0,2018-11-14
Havelock,US,34.88,-76.9,48.7,44.96,51.08,,,74,1,16.11,40.0,2018-11-14
California City,US,35.13,-117.99,61.36,59.0,64.94,,,8,1,8.05,80.0,2018-11-14
Springfield,US,37.22,-93.29,28.04,28.04,28.04,,,71,90,4.7,330.0,2018-11-14
Virginia Beach,US,36.85,-75.98,44.38,42.08,46.94,,,62,90,9.17,10.0,2018-11-14
Cumberland,US,41.97,-71.43,29.07,24.08,33.98,,,40,1,13.87,340.0,2018-11-14
Midland,US,32.0,-102.08,46.85,42.44,49.1,,,46,0,3.36,180.0,2018-11-14
Farmington,US,36.73,-108.21,37.89,37.04,39.02,,,32,1,6.93,240.0,2018-11-14
Meadville,US,41.64,-80.15,27.03,24.98,30.02,,,74,1,4.7,40.0,2018-11-14
Wilmington,US,39.75,-75.55,34.95,32.0,37.94,,,96,1,3.36,340.0,2018-11-14
Lake Havasu City,US,34.47,-114.34,66.36,64.94,68.0,,,10,1,3.36,330.0,2018-11-14
Florence,US,34.8,-87.68,34.93,33.8,37.94,,,92,90,6.93,270.0,2018-11-14
College,US,64.86,-147.8,16.0,14.36,17.06,,,88,20,5.82,70.0,2018-11-14
Douglas,US,58.28,-134.39,42.98,42.98,42.98,,,100,90,6.93,90.0,2018-11-14
Porterville,US,36.07,-119.02,58.87,55.04,60.98,,,34,0,5.82,310.0,2018-11-14
Riverton,US,43.02,-108.38,37.49,33.8,39.92,,,45,1,3.36,160.0,2018-11-14
Conway,US,33.84,-79.05,48.83,46.4,51.08,,,70,75,11.41,30.0,2018-11-14
Winnemucca,US,40.97,-117.74,44.96,44.96,44.96,,,17,1,4.7,330.0,2018-11-14
Callaway,US,46.98,-95.91,38.66,35.96,41.0,,,65,1,10.29,190.0,2018-11-14
Charlottesville,US,38.03,-78.48,37.18,35.6,39.92,,,74,1,4.27,52.5016,2018-11-14
Canyon Lake,US,33.68,-117.26,71.6,68.0,75.02,,,6,1,9.17,60.0,2018-11-14
Chambersburg,US,39.94,-77.66,34.59,30.02,41.0,,,47,1,5.82,360.0,2018-11-14
LaBelle,US,26.76,-81.44,76.37,73.94,80.06,,,93,75,5.82,80.0,2018-11-14
Port Hueneme,US,34.15,-119.2,67.64,64.94,73.94,,,39,20,8.05,280.0,2018-11-14
Albert Lea,US,43.65,-93.37,32.99,30.02,35.6,,,59,1,11.41,170.0,2018-11-14
Pasco,US,46.24,-119.1,44.58,39.02,48.92,,,75,1,2.59,338.502,2018-11-14
Sidney,US,47.72,-104.16,40.51,35.6,44.06,,,48,1,11.41,230.0,2018-11-14
Sterling,US,39.0,-77.4,37.45,33.8,41.0,,,60,1,4.7,30.0,2018-11-14
Clinton,US,41.84,-90.19,25.21,23.36,26.06,,,74,1,3.36,110.0,2018-11-14
Berea,US,41.37,-81.85,28.27,26.6,30.02,,,63,90,8.05,80.0,2018-11-14
Belle Fourche,US,44.67,-103.85,46.27,44.6,48.2,,,36,1,9.17,260.0,2018-11-14
Coalinga,US,36.14,-120.36,59.65,55.04,66.02,,,45,20,6.93,340.0,2018-11-14
Woodward,US,36.43,-99.39,35.64,33.8,37.04,,,74,1,8.05,160.0,2018-11-14
Norfolk,US,36.85,-76.29,43.65,40.1,46.94,,,58,40,6.93,20.0,2018-11-14
Hays,US,38.88,-99.33,39.9,37.04,44.96,,,81,1,9.17,160.0,2018-11-14
Chippewa Falls,US,44.94,-91.39,29.68,25.34,32.0,,,75,1,6.93,120.0,2018-11-14
Dillon,US,45.22,-112.64,41.0,41.0,41.0,,,32,1,11.41,180.0,2018-11-14
Ketchikan,US,55.34,-131.65,46.08,44.96,46.94,,,93,90,5.82,170.0,2018-11-14
Las Vegas,US,36.17,-115.15,61.66,59.0,64.04,,,15,1,3.36,10.0,2018-11-14
Bemidji,US,47.48,-94.89,37.36,35.96,39.2,,,69,1,11.41,190.0,2018-11-14
West Fargo,US,46.88,-96.9,38.73,37.4,39.92,,,74,1,14.99,170.0,2018-11-14
Storm Lake,US,42.64,-95.21,33.19,30.2,35.06,,,63,1,13.87,170.0,2018-11-14
El Campo,US,29.2,-96.27,42.73,37.94,46.04,,,59,1,3.15,347.002,2018-11-14
Kingsville,US,39.45,-76.42,38.44,33.98,44.06,,,42,80,3.27,34.5016,2018-11-14
North Platte,US,41.12,-100.77,46.04,46.04,46.04,,,51,1,5.82,200.0,2018-11-14
Asheboro,US,35.71,-79.81,42.01,41.0,42.98,,,86,90,4.7,30.0,2018-11-14
Taos,US,36.41,-105.57,27.95,11.84,37.94,,,86,1,1.92,351.002,2018-11-14
Stephenville,US,32.22,-98.2,42.08,39.92,44.78,,,44,1,3.36,60.0,2018-11-14
Valley City,US,46.92,-98.0,38.3,37.4,39.92,,,93,20,9.17,210.0,2018-11-14
Nantucket,US,41.28,-70.1,31.71,28.4,33.08,,,29,1,23.04,320.0,2018-11-14
Mitchell,US,43.71,-98.03,42.08,42.08,42.08,,,62,1,12.75,160.0,2018-11-14
Pierre,US,44.37,-100.35,35.96,35.96,35.96,,,75,1,6.93,190.0,2018-11-14
Rawlins,US,41.79,-107.24,38.61,37.94,39.2,,,43,1,12.75,250.0,2018-11-14
Milledgeville,US,33.08,-83.23,49.08,46.4,50.72,,,93,90,6.93,70.0,2018-11-14
Ojinaga,US,29.56,-104.41,26.55,26.55,26.55,1042.84,918.4,51,0,2.71,72.5016,2018-11-14
Immokalee,US,26.42,-81.42,78.71,75.02,80.96,,,90,75,2.93,312.002,2018-11-14
Anchorage,US,61.22,-149.89,31.05,28.94,32.72,,,99,75,3.71,6.50165,2018-11-14
Hibbing,US,47.43,-92.94,31.44,28.94,35.6,,,68,1,11.41,170.0,2018-11-14
Gainesville,US,29.65,-82.33,67.44,66.2,69.08,,,93,90,9.17,40.0,2018-11-14
Topeka,US,39.05,-95.68,28.62,26.06,32.0,,,53,1,6.93,160.0,2018-11-14
Mint Hill,US,38.55,-91.75,29.62,28.04,32.0,,,58,75,3.36,330.0,2018-11-14
Burley,US,42.54,-113.79,40.37,37.04,44.06,,,39,1,3.27,255.002,2018-11-14
Wasilla,US,61.58,-149.44,31.08,28.94,32.72,,,88,1,4.05,84.0016,2018-11-14
Healdsburg,US,38.61,-122.87,58.62,55.94,62.96,,,23,1,3.36,160.0,2018-11-14
Lebanon,US,43.64,-72.25,16.34,12.92,19.04,,,56,1,5.82,320.0,2018-11-14
Marquette,US,46.54,-87.4,21.58,21.2,21.92,,,73,5,11.41,180.0,2018-11-14
Bernalillo,US,35.3,-106.55,38.89,33.8,46.04,,,73,1,2.71,339.502,2018-11-14
Bloomfield,US,40.75,-92.42,26.69,25.7,28.4,,,58,1,7.85,133.002,2018-11-14
Point Pleasant,US,40.08,-74.07,33.66,32.72,33.98,,,49,1,9.17,360.0,2018-11-14
Lexington,US,38.05,-84.5,31.64,30.92,32.0,,,78,90,16.11,50.0,2018-11-14
Michigan City,US,41.71,-86.9,29.26,28.4,30.02,,,71,1,8.43,112.001,2018-11-14
Fayetteville,US,36.06,-94.16,29.66,28.94,30.92,,,66,90,4.38,33.0016,2018-11-14
Mount Clemens,US,42.6,-82.88,27.93,26.06,29.66,,,48,1,3.15,58.5016,2018-11-14
Brigantine,US,39.41,-74.36,36.61,33.08,39.02,,,49,1,6.93,20.0,2018-11-14
Lakeside,US,32.86,-116.92,69.49,66.02,73.4,,,6,5,11.41,60.0,2018-11-14
Pacifica,US,37.61,-122.49,59.14,55.94,62.6,,,26,1,10.29,360.0,2018-11-14
Murray,US,40.67,-111.89,39.9,39.02,41.0,,,45,1,1.7,83.0016,2018-11-14
Wenatchee,US,47.42,-120.31,34.39,32.0,39.02,,,88,90,4.7,80.0,2018-11-14
Lubbock,US,33.58,-101.86,41.94,39.2,44.96,,,53,20,4.7,80.0,2018-11-14
Grand Island,US,40.92,-98.34,38.14,35.6,39.92,,,62,1,11.41,180.0,2018-11-14
Alexandria,US,31.31,-92.44,36.79,33.08,37.94,,,78,1,4.7,80.0,2018-11-14
Pineville,US,31.32,-92.43,36.79,33.08,37.94,,,78,1,4.7,80.0,2018-11-14
Torrington,US,42.06,-104.18,46.17,44.06,48.92,,,34,1,10.29,290.0,2018-11-14
Santa Cruz,US,36.97,-122.03,61.88,60.08,62.96,,,17,1,2.17,3.50128,2018-11-14
Two Rivers,US,44.15,-87.57,23.34,21.92,24.08,,,83,1,12.1,190.002,2018-11-14
Cheney,US,47.49,-117.58,37.15,33.62,39.92,,,85,1,6.93,150.0,2018-11-14
Troy,US,42.73,-73.69,23.59,21.92,26.6,,,49,75,4.7,330.0,2018-11-14
Peoria,US,40.69,-89.59,25.74,23.0,28.04,,,62,1,6.93,70.0,2018-11-14
Ahuimanu,US,21.44,-157.84,80.42,76.64,82.04,,,62,1,5.82,50.0,2018-11-14
Monterey,US,36.6,-121.89,62.17,60.98,62.96,,,53,1,2.71,27.0016,2018-11-14
Muskogee,US,35.75,-95.37,28.87,23.0,35.06,,,73,1,3.15,0.501648,2018-11-14
Danville,US,36.59,-79.4,41.31,39.2,44.06,,,82,90,6.93,50.0,2018-11-14
Hammonton,US,39.64,-74.8,35.06,32.0,37.94,,,49,1,6.93,20.0,2018-11-14
Price,US,39.6,-110.81,35.06,35.06,35.06,,,43,1,3.36,40.0,2018-11-14
Wichita Falls,US,33.91,-98.49,40.93,37.94,44.06,,,61,1,4.7,120.0,2018-11-14
San Angelo,US,31.46,-100.44,46.04,46.04,46.04,,,49,1,2.93,51.0016,2018-11-14
Moss Point,US,30.41,-88.53,40.37,39.02,42.08,,,85,90,10.29,310.0,2018-11-14
Brainerd,US,46.36,-94.2,34.47,33.8,35.96,,,69,1,12.75,160.0,2018-11-14
Jasper,US,33.83,-87.28,37.04,33.98,39.92,,,100,100,5.17,249.502,2018-11-14
Spring Hill,US,28.46,-82.54,76.71,71.6,82.94,,,90,75,12.75,60.0,2018-11-14
Seminole,US,32.72,-102.64,48.16,45.86,50.0,,,45,1,3.36,110.0,2018-11-14
Wisconsin Rapids,US,44.39,-89.82,25.63,23.0,28.4,,,66,1,3.36,160.0,2018-11-14
Princeton,US,41.37,-89.46,26.4,25.34,28.22,,,62,1,4.7,60.0,2018-11-14
Safford,US,32.83,-109.71,48.92,48.92,48.92,,,28,1,5.82,90.0,2018-11-14
Jackson,US,35.61,-88.82,30.13,30.02,30.2,,,92,90,5.82,290.0,2018-11-14
Havre,US,48.55,-109.68,44.06,44.06,44.06,,,46,90,8.05,250.0,2018-11-14
Nanticoke,US,41.21,-76.0,25.34,23.0,28.04,,,57,1,8.05,10.0,2018-11-14
Independence,US,39.09,-94.42,28.53,26.06,30.92,,,54,1,3.94,64.0016,2018-11-14
Durango,US,37.28,-107.88,36.36,33.08,39.02,,,49,1,6.93,250.0,2018-11-14
Glendive,US,47.11,-104.71,41.94,41.0,42.98,,,48,1,10.29,270.0,2018-11-14
Edgewater,US,28.99,-80.9,76.28,75.02,77.36,,,88,20,4.7,100.0,2018-11-14
Jonesboro,US,35.84,-90.7,28.81,28.04,30.2,,,92,90,4.7,320.0,2018-11-14
Grinnell,US,41.74,-92.72,29.16,25.7,31.82,,,60,1,5.82,150.0,2018-11-14
Susanville,US,40.42,-120.65,42.8,42.8,42.8,,,28,1,2.37,61.0016,2018-11-14
Scottsbluff,US,41.87,-103.67,46.72,44.06,48.92,,,46,1,9.17,310.0,2018-11-14
Lewistown,US,40.39,-90.15,26.76,24.08,28.04,,,78,1,8.05,70.0,2018-11-14
Gaffney,US,35.07,-81.65,41.95,40.28,44.06,,,92,90,9.17,50.0,2018-11-14
Gallup,US,35.53,-108.74,35.06,35.06,35.06,,,33,1,3.36,50.0,2018-11-14
Pecos,US,31.42,-103.49,47.16,44.96,50.36,,,38,1,2.82,156.002,2018-11-14
Fernandina Beach,US,30.67,-81.46,67.84,62.6,71.06,,,91,90,19.46,50.0,2018-11-14
Middletown,US,41.45,-74.42,29.73,28.4,32.0,,,48,1,10.29,350.0,2018-11-14
West Richland,US,46.3,-119.35,44.4,39.02,48.92,,,75,1,2.62,181.001,2018-11-14
Los Alamos,US,35.88,-106.3,38.26,37.04,39.92,,,50,75,2.26,346.002,2018-11-14
Post Falls,US,47.71,-116.95,37.08,33.62,39.92,,,67,20,10.29,240.0,2018-11-14
Taylor,US,30.57,-97.41,41.31,35.42,46.04,,,52,1,4.16,82.5016,2018-11-14
Poplar Bluff,US,36.76,-90.39,29.8,28.94,30.2,,,88,90,12.75,10.0,2018-11-14
Mount Pleasant,US,33.16,-94.97,35.58,32.0,37.58,,,47,1,4.7,280.0,2018-11-14
Warner Robins,US,32.62,-83.6,49.84,48.2,50.9,,,96,90,6.93,60.0,2018-11-14
Tooele,US,40.53,-112.3,41.4,39.02,45.5,,,45,1,3.49,337.502,2018-11-14
Sturgis,US,44.41,-103.51,47.37,42.08,52.16,,,36,1,9.17,260.0,2018-11-14
Hoquiam,US,46.98,-123.89,52.81,51.98,53.96,,,96,90,3.36,240.0,2018-11-14
Tucumcari,US,35.17,-103.73,46.04,46.04,46.04,,,49,1,3.36,210.0,2018-11-14
Missoula,US,46.87,-114.0,33.08,33.08,33.08,,,81,90,3.36,350.0,2018-11-14
Uvalde,US,29.21,-99.79,48.56,46.22,50.0,,,45,1,3.36,170.0,2018-11-14
Garden City,US,40.73,-73.63,33.26,32.0,35.06,,,44,1,9.17,20.0,2018-11-14
Beckley,US,37.78,-81.19,35.83,33.98,38.66,,,69,90,4.7,100.0,2018-11-14
Cheyenne,US,41.14,-104.82,41.4,38.66,44.06,,,43,1,15.68,280.002,2018-11-14
Matamoros,US,25.87,-97.51,46.08,44.06,48.2,,,49,5,4.7,60.0,2018-11-14
Kyle,US,29.99,-97.88,44.19,41.0,47.12,,,54,1,6.29,97.5016,2018-11-14
Aberdeen,US,45.47,-98.49,39.92,39.92,39.92,,,62,1,10.29,190.0,2018-11-14
Great Falls,US,47.5,-111.29,48.56,48.02,49.1,,,31,1,28.86,230.0,2018-11-14
Yankton,US,42.87,-97.4,42.08,42.08,42.08,,,57,1,9.17,160.0,2018-11-14
Forest Grove,US,45.52,-123.11,48.96,46.94,53.06,,,86,90,2.48,28.5016,2018-11-14
Fulton,US,43.32,-76.42,26.26,21.92,30.2,,,52,1,6.93,330.0,2018-11-14
Port Washington,US,43.39,-87.88,24.85,21.92,26.96,,,85,1,6.85,154.502,2018-11-14
Elko,US,40.83,-115.76,44.96,44.96,44.96,,,23,1,3.36,320.0,2018-11-14
Russellville,US,35.28,-93.13,33.08,33.08,33.08,,,71,90,2.93,6.00165,2018-11-14
Juneau,US,58.3,-134.42,42.98,42.98,42.98,,,100,90,6.93,90.0,2018-11-14
Morristown,US,36.21,-83.29,39.2,39.2,39.2,,,95,90,4.7,250.0,2018-11-14
Lake Charles,US,30.23,-93.22,41.59,38.84,46.04,,,49,1,9.17,320.0,2018-11-14
Bend,US,44.06,-121.32,51.08,50.0,51.98,,,43,40,1.81,241.002,2018-11-14
Rupert,US,42.62,-113.68,40.35,37.04,44.06,,,39,1,2.71,199.502,2018-11-14
Cape Canaveral,US,28.41,-80.6,78.71,76.28,80.6,,,89,1,10.29,130.0,2018-11-14
Saint Peter,US,44.32,-93.96,37.0,35.6,39.02,,,64,1,16.11,170.0,2018-11-14
Orono,US,44.97,-93.6,37.62,35.6,39.2,,,59,1,11.41,150.0,2018-11-14
Raton,US,36.9,-104.44,36.46,35.96,37.04,,,59,1,3.36,290.0,2018-11-14
Vicksburg,US,32.35,-90.88,32.4,30.92,33.8,,,80,90,11.41,350.0,2018-11-14
Sonoita,US,31.68,-110.66,53.31,47.3,60.08,,,23,1,10.29,100.0,2018-11-14
Gatesville,US,31.44,-97.74,40.24,35.96,43.7,,,60,1,4.7,120.0,2018-11-14
Rock Island,US,41.51,-90.58,26.33,24.98,27.86,,,68,1,5.82,100.0,2018-11-14
Del Rio,US,29.36,-100.9,52.05,51.08,53.06,,,34,1,2.15,207.002,2018-11-14
Cleveland,US,41.51,-81.69,28.31,26.6,30.02,,,63,1,3.36,110.0,2018-11-14
Soldotna,US,60.48,-151.07,32.45,30.92,33.98,,,100,20,5.82,30.0,2018-11-14
Ashland,US,38.48,-82.64,35.96,35.96,35.96,,,66,90,9.17,50.0,2018-11-14
Peru,US,41.33,-89.13,25.66,24.08,28.22,,,62,1,4.7,60.0,2018-11-14
Brawley,US,32.98,-115.53,67.03,64.94,68.0,,,27,1,2.59,296.002,2018-11-14
Steamboat Springs,US,40.48,-106.83,32.29,30.2,33.98,,,54,1,2.15,252.502,2018-11-14
Lake City,US,38.03,-107.32,32.09,28.94,35.6,,,40,1,1.81,318.502,2018-11-14
Sulphur,US,30.24,-93.38,41.63,38.84,46.04,,,68,1,3.36,330.0,2018-11-14
Pascagoula,US,30.37,-88.56,40.37,39.02,42.08,,,85,90,10.29,310.0,2018-11-14
Fort Walton Beach,US,30.41,-86.62,44.71,42.08,48.02,,,92,90,9.17,310.0,2018-11-14
Dunn,US,35.31,-78.61,43.93,41.9,46.04,,,74,90,10.29,30.0,2018-11-14
Madison Heights,US,42.49,-83.11,27.79,26.06,29.66,,,48,1,2.82,97.0016,2018-11-14
Redlands,US,34.06,-117.19,72.19,68.36,75.02,,,9,5,5.82,150.0,2018-11-14
Alice,US,27.75,-98.07,47.64,44.06,49.1,,,46,1,4.7,30.0,2018-11-14
Emmett,US,43.87,-116.5,41.16,39.92,42.8,,,40,1,5.82,270.0,2018-11-14
Sebring,US,27.5,-81.44,74.28,73.4,75.2,,,94,40,8.05,100.0,2018-11-14
Los Lunas,US,34.81,-106.76,39.7,33.8,46.04,,,28,40,3.36,150.0,2018-11-14
Farmington,US,36.73,-108.21,40.53,39.92,41.0,,,37,1,4.38,166.003,2018-11-15
Madera,US,36.96,-120.06,53.74,51.98,55.94,,,38,1,3.36,110.0,2018-11-15
Lompoc,US,34.64,-120.46,68.02,62.6,70.52,,,19,1,4.7,,2018-11-15
Hilo,US,19.71,-155.08,65.46,58.46,73.94,,,78,90,4.7,220.0,2018-11-15
Okmulgee,US,35.62,-95.96,53.35,51.98,56.84,,,32,1,10.29,200.0,2018-11-15
Kapaa,US,22.08,-159.32,71.96,71.96,71.96,,,81,40,4.7,300.0,2018-11-15
Laramie,US,41.31,-105.59,49.46,46.04,51.08,,,30,1,16.11,250.0,2018-11-15
Fernley,US,39.61,-119.25,41.23,39.92,42.98,,,27,1,2.59,311.503,2018-11-15
Kahului,US,20.89,-156.47,72.32,68.0,75.92,,,87,40,5.73,113.503,2018-11-15
Kodiak,US,39.95,-94.76,44.06,44.06,44.06,,,44,1,13.87,200.0,2018-11-15
Englewood,US,39.65,-104.99,55.47,50.0,60.26,,,22,40,5.82,150.0,2018-11-15
Half Moon Bay,US,37.46,-122.43,51.91,48.02,55.94,,,69,90,4.38,37.5025,2018-11-15
Polson,US,47.69,-114.16,38.68,38.68,38.68,1039.99,879.05,77,0,1.36,248.503,2018-11-15
Fairhope,US,30.52,-87.9,45.36,41.0,48.92,,,93,40,6.93,340.0,2018-11-15
Sitka,US,37.17,-99.65,57.67,57.67,57.67,1030.95,956.95,40,0,10.65,307.503,2018-11-15
Danville,US,36.59,-79.4,37.27,35.6,39.02,,,94,90,8.75,355.503,2018-11-15
Coos Bay,US,43.37,-124.22,51.08,51.08,51.08,,,89,1,5.82,310.0,2018-11-15
Fairbanks,US,64.84,-147.72,-3.97,-5.08,-2.93,,,86,1,4.38,29.0025,2018-11-15
Lebanon,US,43.64,-72.25,24.06,17.96,26.96,,,49,1,2.93,135.003,2018-11-15
Baton Rouge,US,30.45,-91.15,48.92,48.92,48.92,,,45,1,6.93,,2018-11-15
Bethel,US,60.79,-161.76,12.92,12.92,12.92,,,91,1,13.87,20.0,2018-11-15
Panama City,US,30.16,-85.65,42.48,41.0,44.06,,,80,75,10.29,340.0,2018-11-15
Kenai,US,60.55,-151.26,18.93,17.96,19.94,,,96,1,5.82,40.0,2018-11-15
Charlestown,US,41.38,-71.64,31.62,28.94,35.06,,,55,90,5.82,30.0,2018-11-15
Watertown,US,44.9,-97.12,52.39,48.02,55.58,,,53,1,20.8,280.0,2018-11-15
Mastic Beach,US,40.77,-72.85,33.55,32.0,35.06,,,63,90,3.36,,2018-11-15
Solana Beach,US,32.99,-117.27,73.29,66.92,78.08,,,8,20,8.05,240.0,2018-11-15
Morro Bay,US,35.37,-120.85,61.77,48.92,69.98,,,16,1,3.94,55.5025,2018-11-15
Elizabethton,US,36.35,-82.21,39.85,32.9,46.4,,,75,75,6.93,70.0,2018-11-15
Pacific Grove,US,36.62,-121.92,56.84,53.6,60.08,,,38,1,3.71,86.5025,2018-11-15
North Myrtle Beach,US,33.83,-78.68,53.91,46.4,69.8,,,96,90,12.75,300.0,2018-11-15
Ketchikan,US,55.34,-131.65,43.32,42.08,44.96,,,85,20,11.41,310.0,2018-11-15
Baker City,US,44.77,-117.83,35.06,35.06,35.06,,,66,1,3.36,220.0,2018-11-15
Haysville,US,37.56,-97.35,49.35,48.02,51.08,,,52,1,9.17,230.0,2018-11-15
Bay City,US,43.59,-83.89,32.94,32.0,33.8,,,100,90,5.82,80.0,2018-11-15
Havelock,US,34.88,-76.9,69.76,64.94,73.94,,,87,90,11.41,180.0,2018-11-15
Cordele,US,31.96,-83.78,49.01,48.02,50.9,,,87,90,9.17,290.0,2018-11-15
Moorhead,US,46.87,-96.75,37.4,35.06,41.0,,,80,75,16.11,330.0,2018-11-15
Wasco,US,35.59,-119.34,59.05,57.92,60.08,,,26,1,3.15,227.503,2018-11-15
Columbus,US,32.46,-84.99,38.98,35.06,42.08,,,85,90,11.41,300.0,2018-11-15
College,US,64.86,-147.8,-3.97,-5.08,-2.93,,,86,1,4.38,29.0025,2018-11-15
Isla Vista,US,34.41,-119.86,70.07,62.6,78.08,,,40,1,8.05,150.0,2018-11-15
Port Lavaca,US,28.61,-96.63,58.55,55.94,60.44,,,39,1,3.36,120.0,2018-11-15
Eureka,US,40.8,-124.16,51.44,51.08,51.8,,,73,1,3.36,240.0,2018-11-15
Elizabeth City,US,36.3,-76.22,57.99,53.96,61.16,,,89,90,16.11,80.0,2018-11-15
Ukiah,US,39.15,-123.21,48.92,48.92,48.92,,,40,1,4.16,65.0025,2018-11-15
Galveston,US,40.58,-86.19,32.63,31.1,33.8,,,94,90,4.61,101.003,2018-11-15
Norfolk,US,36.85,-76.29,54.84,50.0,60.98,,,93,90,17.22,80.0,2018-11-15
Cedar City,US,37.68,-113.06,44.96,44.96,44.96,,,36,1,3.15,76.5025,2018-11-15
Edgewater,US,28.99,-80.9,70.02,64.4,75.2,,,77,75,11.41,330.0,2018-11-15
Durango,US,37.28,-107.88,41.68,39.92,44.06,,,38,1,3.36,280.0,2018-11-15
Valley City,US,46.92,-98.0,33.24,32.0,33.98,,,100,90,17.22,330.0,2018-11-15
Reading,US,40.34,-75.93,27.84,26.06,30.2,,,100,90,8.05,50.0,2018-11-15
Clovis,US,36.83,-119.7,54.1,53.06,55.94,,,37,40,4.61,141.003,2018-11-15
Fayetteville,US,36.06,-94.16,45.59,44.06,46.94,,,38,1,11.41,200.0,2018-11-15
Pascagoula,US,30.37,-88.56,48.06,46.04,48.92,,,47,1,13.87,340.0,2018-11-15
Dubuque,US,42.5,-90.66,38.16,37.04,39.2,,,52,1,8.05,200.0,2018-11-15
Grove City,US,39.88,-83.09,33.91,32.0,35.96,,,96,90,4.7,120.0,2018-11-15
Fallon,US,46.84,-105.12,44.06,44.06,44.06,,,65,75,13.87,300.0,2018-11-15
Ahuimanu,US,21.44,-157.84,71.94,68.54,73.94,,,84,75,5.82,360.0,2018-11-15
Nantucket,US,41.28,-70.1,36.36,33.8,37.94,,,50,40,9.17,70.0,2018-11-15
Lexington Park,US,38.26,-76.45,39.85,35.6,44.06,,,92,90,16.11,40.0,2018-11-15
Superior,US,39.95,-105.17,53.13,26.6,60.26,,,24,1,4.7,130.0,2018-11-15
Brownsville,US,25.91,-97.49,65.61,64.4,66.02,,,37,1,5.82,,2018-11-15
Bend,US,44.06,-121.32,46.69,46.4,46.94,,,61,1,3.38,180.003,2018-11-15
Show Low,US,34.25,-110.03,42.91,42.8,42.98,,,28,1,5.82,10.0,2018-11-15
Ashland,US,38.48,-82.64,39.92,39.92,39.92,,,92,90,8.05,110.0,2018-11-15
Vincennes,US,38.68,-87.53,31.77,30.92,33.08,,,88,90,11.41,230.0,2018-11-15
Hermitage,US,41.23,-80.45,31.53,30.02,32.0,,,79,90,11.41,120.0,2018-11-15
Piney Green,US,35.09,-78.48,52.9,44.06,62.6,,,100,90,6.93,300.0,2018-11-15
Kailua,US,21.39,-157.74,71.92,68.54,73.94,,,84,75,5.82,360.0,2018-11-15
Wasilla,US,61.58,-149.44,18.27,14.0,24.08,,,91,1,4.72,75.0025,2018-11-15
Rutland,US,43.61,-72.97,24.76,24.08,26.96,,,60,1,3.04,156.003,2018-11-15
Garden City,US,40.73,-73.63,33.58,30.02,35.96,,,60,90,10.29,50.0,2018-11-15
Gillette,US,44.29,-105.5,48.02,48.02,48.02,,,43,1,21.92,340.0,2018-11-15
Jasper,US,33.83,-87.28,31.87,30.02,33.8,,,74,8,9.17,280.0,2018-11-15
Robstown,US,27.79,-97.67,61.92,57.92,64.94,,,36,1,6.93,200.0,2018-11-15
Fredericksburg,US,38.3,-77.46,35.06,32.0,41.0,,,100,90,10.29,30.0,2018-11-15
Golden Gate,US,38.36,-88.2,31.51,30.02,33.08,,,86,90,3.36,270.0,2018-11-15
Lufkin,US,31.34,-94.73,52.9,51.98,53.6,,,40,1,6.93,230.0,2018-11-15
Cookeville,US,36.16,-85.5,31.93,30.02,33.8,,,80,90,9.17,250.0,2018-11-15
Shreveport,US,32.52,-93.77,49.64,48.92,50.0,,,37,1,6.93,270.0,2018-11-15
Homer,US,59.64,-151.54,28.42,26.96,30.02,,,92,1,4.7,280.0,2018-11-15
Stephenville,US,32.22,-98.2,63.81,62.06,65.3,,,27,1,9.17,250.0,2018-11-15
Grand Forks,US,47.91,-97.06,29.88,28.4,30.56,,,81,90,21.92,350.0,2018-11-15
Cortez,US,37.35,-108.58,44.06,44.06,44.06,,,31,1,3.36,280.0,2018-11-15
Chalmette,US,29.94,-89.96,47.73,46.04,51.44,,,57,1,9.17,330.0,2018-11-15
Hayden,US,47.77,-116.79,34.48,32.0,37.94,,,96,90,2.93,98.5025,2018-11-15
Virginia Beach,US,36.85,-75.98,54.88,50.0,60.98,,,100,90,19.46,80.0,2018-11-15
Odessa,US,31.85,-102.37,61.29,60.08,62.06,,,32,12,5.82,210.0,2018-11-15
Kingsville,US,39.45,-76.42,31.69,28.04,33.8,,,88,92,10.76,65.5025,2018-11-15
Lewistown,US,40.39,-90.15,30.34,29.3,31.64,,,81,90,4.94,293.503,2018-11-15
Kingsland,US,30.8,-81.69,55.72,51.8,59.0,,,78,90,17.22,290.0,2018-11-15
Bemidji,US,47.48,-94.89,33.6,30.2,35.6,,,77,40,6.93,290.0,2018-11-15
Eastlake,US,32.66,-116.98,72.79,66.92,77.0,,,10,1,4.05,20.0025,2018-11-15
Porterville,US,36.07,-119.02,55.53,53.06,60.08,,,31,12,0.36,18.5025,2018-11-15
Fairburn,US,33.57,-84.58,41.4,35.6,46.94,,,85,90,5.61,298.503,2018-11-15
Nuevo Progreso,US,26.05,-97.95,65.16,64.22,66.02,,,19,1,4.38,244.003,2018-11-15
Twentynine Palms,US,34.14,-116.05,68.36,60.08,73.04,,,16,1,3.83,308.503,2018-11-15
Marquette,US,46.54,-87.4,34.11,32.0,35.96,,,87,5,24.16,200.0,2018-11-15
Graham,US,36.07,-79.4,38.19,35.96,42.08,,,88,90,9.17,340.0,2018-11-15
Quincy,US,30.59,-84.58,46.71,44.6,48.92,,,87,90,12.75,300.0,2018-11-15
Green Valley,US,40.41,-89.64,31.37,30.02,33.08,,,81,90,5.82,320.0,2018-11-15
Newberry,US,46.35,-85.51,34.32,33.62,34.88,,,67,40,14.99,160.0,2018-11-15
Carbondale,US,38.82,-95.69,44.71,42.08,46.94,,,40,1,10.29,190.0,2018-11-15
Kingman,US,35.19,-114.05,65.17,60.08,68.0,,,17,1,8.05,340.0,2018-11-15
Rapid Valley,US,44.06,-103.15,49.96,46.04,53.06,,,34,1,24.16,330.0,2018-11-15
Dodge City,US,37.75,-100.02,61.45,60.98,62.06,,,30,1,12.75,310.0,2018-11-15
Alpena,US,45.06,-83.43,34.65,33.26,35.6,,,69,40,14.99,160.0,2018-11-15
Brainerd,US,46.36,-94.2,36.75,35.6,39.02,,,69,40,3.36,210.0,2018-11-15
Hilton Head Island,US,32.16,-80.75,49.23,48.2,50.72,,,81,90,13.87,310.0,2018-11-15
New Philadelphia,US,40.49,-81.45,33.53,32.0,35.06,,,88,90,4.7,140.0,2018-11-15
Michigan City,US,41.71,-86.9,32.14,30.02,33.8,,,77,90,4.7,90.0,2018-11-15
Maumee,US,41.56,-83.65,33.57,30.92,35.06,,,88,90,4.7,120.0,2018-11-15
Minden,US,38.95,-119.77,40.53,35.6,46.04,,,21,1,2.59,90.5025,2018-11-15
Parsons,US,37.34,-95.26,46.63,44.06,48.02,,,51,1,10.29,210.0,2018-11-15
Grand Island,US,40.92,-98.34,56.53,51.8,60.08,,,42,1,6.93,330.0,2018-11-15
Aberdeen,US,45.47,-98.49,48.92,48.92,48.92,,,56,75,27.51,300.0,2018-11-15
North Bend,US,43.41,-124.22,51.08,51.08,51.08,,,89,1,5.82,310.0,2018-11-15
Billings,US,45.79,-108.5,53.06,53.06,53.06,,,39,40,13.87,330.0,2018-11-15
Laurens,US,34.5,-82.02,41.86,41.0,44.06,,,86,90,6.93,20.0,2018-11-15
Rockland,US,42.13,-70.92,31.93,28.04,35.96,,,46,56,4.7,40.0,2018-11-15
Laurinburg,US,34.77,-79.46,43.99,41.0,48.02,,,100,90,14.99,300.0,2018-11-15
Payson,US,40.04,-111.73,37.94,37.94,37.94,,,59,1,5.82,240.0,2018-11-15
West Wendover,US,40.74,-114.07,35.06,35.06,35.06,,,43,1,3.36,90.0,2018-11-15
Truth or Consequences,US,33.13,-107.25,51.08,51.08,51.08,,,22,1,5.82,70.0,2018-11-15
Plattsburgh,US,44.69,-73.46,21.58,17.06,24.98,,,59,1,6.93,,2018-11-15
Eloy,US,32.76,-111.56,64.27,62.6,66.02,,,15,1,16.11,70.0,2018-11-15
Hibbing,US,47.43,-92.94,33.87,32.0,35.6,,,68,1,4.7,190.0,2018-11-15
Fairfield,US,38.25,-122.04,50.29,44.96,55.94,,,41,1,6.93,50.0,2018-11-15
Mount Pleasant,US,33.16,-94.97,54.1,52.88,56.12,,,35,1,4.7,190.0,2018-11-15
Jefferson City,US,38.58,-92.17,37.9,35.96,39.92,,,46,1,4.7,240.0,2018-11-15
Hays,US,38.88,-99.33,58.37,55.04,60.98,,,38,1,10.29,300.0,2018-11-15
Davidson,US,35.5,-80.85,38.3,36.68,39.92,,,97,90,8.05,20.0,2018-11-15
West Odessa,US,31.84,-102.48,60.67,59.0,62.06,,,32,12,5.82,210.0,2018-11-15
Creston,US,41.06,-94.36,41.88,41.0,42.8,,,45,1,16.11,200.0,2018-11-15
Tahlequah,US,35.92,-94.97,50.29,46.04,51.98,,,37,1,6.93,170.0,2018-11-15
Edgemere,US,39.24,-76.45,32.74,30.2,35.6,,,88,100,22.84,59.0025,2018-11-15
Camden,US,39.94,-75.12,29.79,26.06,35.6,,,92,90,14.99,40.0,2018-11-15
Point Pleasant,US,40.08,-74.07,34.27,30.02,37.94,,,93,90,8.05,70.0,2018-11-15
Mitchell,US,43.71,-98.03,57.02,57.02,57.02,,,38,1,24.16,290.0,2018-11-15
Lexington-Fayette,US,38.05,-84.46,36.54,35.6,37.04,,,85,90,11.41,260.0,2018-11-15
Torrington,US,42.06,-104.18,56.19,53.96,57.92,,,29,1,11.41,310.0,2018-11-15
Rawlins,US,41.79,-107.24,43.81,42.8,44.96,,,28,1,21.92,240.0,2018-11-15
Jackson,US,35.61,-88.82,32.74,30.2,35.6,,,85,90,11.41,260.0,2018-11-15
Weiser,US,44.25,-116.97,35.96,35.96,35.96,,,54,1,2.04,72.5025,2018-11-15
Lake Havasu City,US,34.47,-114.34,63.23,59.0,66.92,,,21,1,4.7,250.0,2018-11-15
LaBelle,US,26.76,-81.44,77.02,75.92,78.08,,,64,40,9.17,310.0,2018-11-15
Jacksonville,US,30.33,-81.66,56.91,55.22,59.0,,,83,90,10.29,310.0,2018-11-15
Salina,US,36.29,-95.15,49.59,46.04,51.98,,,39,1,9.17,180.0,2018-11-15
Alamosa,US,37.47,-105.87,37.94,37.94,37.94,,,46,1,2.93,174.003,2018-11-15
Goshen,US,41.58,-85.83,31.86,30.02,33.8,,,85,90,5.82,150.0,2018-11-15
Canon City,US,39.46,-117.13,45.02,45.02,45.02,1039.42,818.74,22,32,3.6,166.503,2018-11-15
East Peoria,US,40.67,-89.58,31.57,30.74,33.08,,,81,90,5.82,320.0,2018-11-15
Key Largo,US,25.09,-80.45,83.35,82.94,83.84,,,71,90,4.7,230.0,2018-11-15
Lubbock,US,33.58,-101.86,56.25,55.4,57.02,,,37,1,11.41,250.0,2018-11-15
Wilmington,US,39.75,-75.55,29.59,26.06,33.08,,,92,90,14.99,40.0,2018-11-15
Enid,US,36.4,-97.88,56.93,55.4,58.28,,,44,1,10.29,220.0,2018-11-15
Sartell,US,45.62,-94.21,38.79,35.96,40.82,,,69,1,5.82,180.0,2018-11-15
Great Falls,US,47.5,-111.29,50.47,49.82,51.08,,,42,1,11.41,260.0,2018-11-15
Lamar,US,38.09,-102.62,53.96,53.96,53.96,,,39,1,9.17,270.0,2018-11-15
Dillon,US,45.22,-112.64,44.06,44.06,44.06,,,42,1,16.11,210.0,2018-11-15
Kilgore,US,32.39,-94.88,51.1,50.0,52.16,,,36,1,6.96,223.003,2018-11-15
Satellite Beach,US,28.18,-80.59,74.75,72.86,75.92,,,76,20,9.17,290.0,2018-11-15
Dickinson,US,46.88,-102.79,39.92,39.92,39.92,,,67,90,17.22,300.0,2018-11-15
Ontario,US,34.07,-117.65,71.44,68.0,75.2,,,16,20,3.36,280.0,2018-11-15
Bismarck,US,46.81,-100.78,36.34,35.6,37.04,,,100,75,17.22,320.0,2018-11-15
Anaconda,US,46.13,-112.94,39.02,39.02,39.02,,,59,1,4.7,350.0,2018-11-15
Riverton,US,43.02,-108.38,41.9,37.4,46.94,,,31,1,10.29,240.0,2018-11-15
Woodward,US,36.43,-99.39,59.0,59.0,59.0,,,33,1,11.41,260.0,2018-11-15
Elko,US,40.83,-115.76,30.92,30.92,30.92,,,39,1,3.94,185.003,2018-11-15
Brenham,US,30.17,-96.4,56.91,53.96,59.0,,,31,1,10.29,220.0,2018-11-15
Marshfield,US,42.09,-70.71,32.45,28.04,37.04,,,100,1,3.36,,2018-11-15
Clinton,US,41.84,-90.19,34.5,33.8,35.96,,,66,1,4.7,240.0,2018-11-15
Devils Lake,US,48.11,-98.87,29.35,28.4,30.2,,,92,90,18.34,340.0,2018-11-15
Seminole,US,32.72,-102.64,61.72,60.8,63.14,,,21,1,9.17,230.0,2018-11-15
Yakima,US,46.6,-120.51,43.63,37.04,48.92,,,78,1,4.5,305.503,2018-11-15
Spencer,US,43.14,-95.14,44.37,41.0,46.4,,,49,1,11.41,260.0,2018-11-15
Onalaska,US,43.88,-91.23,39.34,37.94,41.0,,,40,1,14.99,170.0,2018-11-15
Pulaski,US,37.05,-80.78,34.02,32.0,38.66,,,100,90,3.94,101.003,2018-11-15
Grand Junction,US,39.06,-108.55,43.38,42.08,44.96,,,36,1,3.04,104.003,2018-11-15
Logansport,US,40.75,-86.36,32.77,32.0,33.8,,,94,90,3.36,100.0,2018-11-15
Cape Canaveral,US,28.41,-80.6,74.7,72.86,75.92,,,69,40,10.29,300.0,2018-11-15
Juneau,US,58.3,-134.42,41.61,41.0,42.08,,,100,90,3.15,48.0025,2018-11-15
Saint Peter,US,44.32,-93.96,40.14,37.4,44.6,,,60,1,20.8,200.0,2018-11-15
Canton,US,40.8,-81.38,33.19,31.82,35.06,,,93,90,6.93,110.0,2018-11-15
Duncan,US,34.5,-97.96,57.87,55.94,60.62,,,39,1,10.29,210.0,2018-11-15
Aztec,US,36.82,-107.99,40.48,39.92,41.0,,,37,1,4.38,166.003,2018-11-15
Jerome,US,34.75,-112.11,52.9,48.02,59.0,,,22,1,5.82,160.0,2018-11-15
Chico,US,39.73,-121.84,45.52,41.0,50.0,,,48,5,3.36,300.0,2018-11-15
Putnam,US,41.92,-71.91,30.15,28.04,32.0,,,44,1,4.7,20.0,2018-11-15
Matamoros,US,25.87,-97.51,65.34,64.4,66.02,,,37,1,5.82,,2018-11-15
Swanzey,US,42.87,-72.28,27.81,26.96,28.94,,,48,1,4.7,230.0,2018-11-15
Crowley,US,30.21,-92.37,50.2,48.56,51.08,,,49,1,5.82,350.0,2018-11-15
Lively,US,33.6,-99.18,56.77,56.77,56.77,1035.09,991.4,55,0,9.86,236.503,2018-11-15
Hailey,US,43.52,-114.32,39.2,39.2,39.2,,,55,20,4.7,120.0,2018-11-15
Duluth,US,46.77,-92.13,36.34,33.8,39.2,,,55,40,12.75,230.0,2018-11-15
Gaffney,US,35.07,-81.65,40.06,37.76,42.98,,,95,90,9.17,30.0,2018-11-15
West Fargo,US,46.88,-96.9,35.33,35.06,35.6,,,88,90,12.75,330.0,2018-11-15
Pooler,US,32.12,-81.25,48.42,45.5,50.72,,,79,90,13.87,290.0,2018-11-15
Minot,US,48.23,-101.3,36.18,35.6,37.04,,,88,90,13.87,300.0,2018-11-15
Hoquiam,US,46.98,-123.89,51.13,50.0,51.98,,,96,90,3.36,100.0,2018-11-15
Santa Paula,US,34.35,-119.06,76.01,69.98,80.96,,,7,1,11.41,100.0,2018-11-15
Bowling Green,US,36.99,-86.44,32.34,32.0,33.08,,,81,90,10.29,230.0,2018-11-15
Painesville,US,41.72,-81.25,32.97,31.82,35.06,,,89,90,6.93,160.0,2018-11-15
Ithaca,US,42.44,-76.5,28.31,24.98,30.92,,,68,1,11.41,150.0,2018-11-15
North Platte,US,41.12,-100.77,60.08,60.08,60.08,,,25,1,19.46,10.0,2018-11-15
Austin,US,30.27,-97.74,59.86,57.2,62.6,,,35,1,6.93,200.0,2018-11-15
Atchison,US,39.56,-95.12,44.42,42.98,46.04,,,44,1,13.87,200.0,2018-11-15
Port Hueneme,US,34.15,-119.2,76.87,69.98,80.96,,,8,40,11.41,100.0,2018-11-15
Goodyear,US,33.44,-112.36,65.5,62.6,69.08,,,21,1,4.61,38.5025,2018-11-15
Miles City,US,46.41,-105.84,48.92,48.92,48.92,,,42,1,14.99,300.0,2018-11-15
Emmett,US,43.87,-116.5,39.51,35.96,42.08,,,48,1,3.36,,2018-11-15
Scottsboro,US,34.67,-86.03,32.47,31.82,33.8,,,86,90,10.29,260.0,2018-11-15
Grass Valley,US,39.22,-121.06,50.52,44.06,60.8,,,19,1,2.93,15.5025,2018-11-15
North Vernon,US,39.01,-85.62,33.89,33.8,33.98,,,88,90,5.82,190.0,2018-11-15
Del Rio,US,29.36,-100.9,56.14,55.04,57.2,,,43,1,3.36,150.0,2018-11-15
Winnemucca,US,40.97,-117.74,44.06,44.06,44.06,,,21,1,9.17,30.0,2018-11-15
Butte,US,46.01,-112.54,39.02,39.02,39.02,,,59,1,4.7,350.0,2018-11-15
Tucumcari,US,35.17,-103.73,53.06,53.06,53.06,,,48,1,3.36,280.0,2018-11-15
Bastrop,US,32.78,-91.91,46.18,45.86,46.58,,,50,1,8.05,250.0,2018-11-15
Lemoore,US,36.3,-119.78,53.65,53.06,53.96,,,41,75,6.93,,2018-11-15
Cheney,US,47.49,-117.58,35.42,33.98,37.94,,,100,90,5.61,130.003,2018-11-15
Scranton,US,41.41,-75.66,26.26,23.0,30.02,,,58,90,5.82,120.0,2018-11-15
Harrisonville,US,38.65,-94.35,41.92,39.2,46.04,,,51,1,9.17,180.0,2018-11-15
Moses Lake,US,47.13,-119.28,36.48,35.96,37.04,,,72,1,5.39,4.00253,2018-11-15
Lewiston,US,46.42,-117.02,47.53,46.94,48.02,,,65,1,3.36,350.0,2018-11-15
Hurricane,US,37.18,-113.29,45.84,44.96,46.94,,,29,1,2.37,27.5025,2018-11-15
Kirksville,US,40.19,-92.58,38.26,37.04,39.2,,,51,1,6.93,210.0,2018-11-15
Rupert,US,42.62,-113.68,42.78,42.08,44.06,,,42,1,3.36,20.0,2018-11-15
Ada,US,47.3,-96.52,32.7,30.2,35.6,,,88,90,12.75,330.0,2018-11-15
Hobbs,US,32.7,-103.14,61.97,60.8,63.14,,,21,1,9.17,230.0,2018-11-15
Portales,US,34.19,-103.33,57.51,56.3,59.0,,,30,1,12.75,250.0,2018-11-15
Pacifica,US,37.61,-122.49,51.67,48.02,55.94,,,69,90,4.72,48.0025,2018-11-15
Marshall,US,39.39,-87.69,32.04,30.02,33.08,,,94,90,4.72,312.503,2018-11-15
Houston,US,29.76,-95.37,56.41,55.04,59.0,,,22,1,4.27,177.503,2018-11-15
Berea,US,41.37,-81.85,33.22,31.82,35.06,,,81,90,8.52,129.003,2018-11-15
Syracuse,US,43.05,-76.15,26.91,24.98,28.4,,,71,90,11.41,80.0,2018-11-15
Puerto Palomas,US,31.78,-107.63,53.96,53.96,53.96,,,21,1,6.93,70.0,2018-11-15
Fernandina Beach,US,30.67,-81.46,55.71,51.8,59.0,,,78,90,17.22,290.0,2018-11-15
Safford,US,32.83,-109.71,55.04,55.04,55.04,,,23,1,9.17,150.0,2018-11-15
Lancaster,US,40.04,-76.31,28.17,26.06,30.2,,,100,90,8.05,60.0,2018-11-15
Uvalde,US,29.21,-99.79,58.14,57.92,58.46,,,29,1,9.17,190.0,2018-11-15
Gatesville,US,31.44,-97.74,58.77,57.02,61.16,,,63,1,4.72,223.503,2018-11-15
Price,US,39.6,-110.81,42.08,42.08,42.08,,,32,1,4.7,150.0,2018-11-15
Hollins,US,37.35,-79.95,33.96,33.08,35.96,,,96,90,8.05,80.0,2018-11-15
Los Altos Hills,US,37.38,-122.14,52.29,48.02,55.94,,,48,1,4.38,37.5025,2018-11-15
Midland,US,32.0,-102.08,61.0,60.08,62.06,,,32,20,5.82,210.0,2018-11-15
Baraboo,US,43.47,-89.74,36.97,35.6,39.2,,,48,1,9.17,170.0,2018-11-15
Crestview,US,30.76,-86.57,42.57,37.94,44.96,,,67,75,12.75,350.0,2018-11-15
Jonesboro,US,35.84,-90.7,38.53,35.6,41.0,,,78,20,13.87,260.0,2018-11-15
Indianola,US,40.24,-100.42,60.71,60.44,60.98,,,24,1,17.22,360.0,2018-11-15
Ojinaga,US,29.56,-104.41,53.62,53.62,53.62,1036.14,915.93,26,12,3.83,286.003,2018-11-15
Arcata,US,40.87,-124.08,51.46,51.08,51.8,,,73,1,3.36,240.0,2018-11-15
Lompoc,US,34.64,-120.46,45.21,42.08,49.28,,,56,1,1.45,278.004,2018-11-16
Sitka,US,37.17,-99.65,35.24,35.24,35.24,1036.5,960.0,68,0,5.37,120.004,2018-11-16
Eureka,US,40.8,-124.16,40.03,37.94,42.8,,,75,1,9.17,140.0,2018-11-16
Weston,US,41.2,-73.38,35.62,32.0,41.0,,,88,90,21.92,340.0,2018-11-16
Fresno,US,36.74,-119.78,40.12,35.96,42.8,,,75,90,0.78,216.504,2018-11-16
Hilo,US,19.71,-155.08,57.0,48.38,68.0,,,75,1,5.82,230.0,2018-11-16
Bethel,US,60.79,-161.76,28.04,28.04,28.04,,,95,90,9.17,360.0,2018-11-16
Kahului,US,20.89,-156.47,71.33,69.98,73.04,,,93,90,10.29,50.0,2018-11-16
Pacific Grove,US,36.62,-121.92,43.84,39.2,46.94,,,51,1,5.14,100.504,2018-11-16
Kodiak,US,39.95,-94.76,28.04,28.04,28.04,,,100,1,3.58,267.504,2018-11-16
Juneau,US,58.3,-134.42,33.26,30.02,35.06,,,100,90,2.68,36.5039,2018-11-16
Lebanon,US,43.64,-72.25,26.42,21.02,30.92,,,84,90,6.93,340.0,2018-11-16
Rexburg,US,43.82,-111.79,26.44,19.94,33.08,,,74,75,4.92,186.504,2018-11-16
Kapaa,US,22.08,-159.32,73.94,73.94,73.94,,,81,90,10.29,90.0,2018-11-16
Nanakuli,US,21.39,-158.15,74.32,69.8,77.0,,,94,75,3.36,300.0,2018-11-16
Ruidoso,US,33.33,-105.67,31.95,28.94,35.6,,,29,1,2.13,221.504,2018-11-16
Wilmington,US,39.75,-75.55,35.4,33.08,37.04,,,100,90,11.41,280.0,2018-11-16
Shasta Lake,US,40.68,-122.36,33.01,28.4,37.04,,,68,1,2.46,2.50391,2018-11-16
Harvard,US,40.62,-98.1,27.45,24.98,28.94,,,88,1,3.36,260.0,2018-11-16
Gainesville,US,29.65,-82.33,38.53,37.4,39.02,,,93,90,9.17,330.0,2018-11-16
Orange Cove,US,36.62,-119.31,39.65,35.96,42.8,,,75,90,2.24,331.004,2018-11-16
North Bend,US,43.41,-124.22,41.0,41.0,41.0,,,100,1,4.7,150.0,2018-11-16
Hailey,US,43.52,-114.32,26.6,26.6,26.6,,,73,40,6.93,320.0,2018-11-16
Half Moon Bay,US,37.46,-122.43,40.78,35.96,48.02,,,100,90,3.36,40.0,2018-11-16
Fairbanks,US,64.84,-147.72,-7.1,-8.51,-5.63,,,83,1,4.36,63.5039,2018-11-16
Portales,US,34.19,-103.33,28.74,26.96,30.2,,,68,1,4.7,360.0,2018-11-16
Kirksville,US,40.19,-92.58,33.89,33.8,33.98,,,77,75,10.29,290.0,2018-11-16
Centralia,US,39.21,-92.14,32.85,28.94,35.24,,,85,1,4.7,270.0,2018-11-16
Ridgecrest,US,35.62,-117.67,37.04,37.04,37.04,,,25,1,1.57,108.004,2018-11-16
Ketchikan,US,55.34,-131.65,40.24,37.94,42.98,,,82,90,3.36,290.0,2018-11-16
Oak Harbor,US,41.51,-83.15,31.95,31.1,32.54,,,81,90,6.93,230.0,2018-11-16
Honolulu,US,21.3,-157.86,74.25,69.8,77.0,,,94,75,3.36,300.0,2018-11-16
Casper,US,42.87,-106.31,37.94,37.94,37.94,,,42,1,20.8,220.0,2018-11-16
Oakdale,US,44.96,-92.97,29.23,28.04,30.2,,,86,90,11.41,320.0,2018-11-16
West Wendover,US,40.74,-114.07,21.02,21.02,21.02,,,67,1,2.57,316.504,2018-11-16
San Angelo,US,31.46,-100.44,33.98,33.98,33.98,,,75,1,8.05,200.0,2018-11-16
Show Low,US,34.25,-110.03,21.69,21.02,23.0,,,62,1,2.46,134.504,2018-11-16
Murphy,US,33.02,-96.61,39.69,35.42,44.6,,,92,1,4.7,160.0,2018-11-16
Ukiah,US,39.15,-123.21,33.08,33.08,33.08,,,77,1,2.01,61.0039,2018-11-16
River Ridge,US,34.23,-85.22,30.47,26.96,33.8,,,77,1,3.58,273.004,2018-11-16
Alpine,US,43.07,-85.69,33.76,29.84,35.96,,,93,90,4.7,240.0,2018-11-16
Forest Grove,US,45.52,-123.11,43.93,41.0,48.2,,,96,90,1.23,340.504,2018-11-16
Susanville,US,40.42,-120.65,23.0,23.0,23.0,,,57,1,3.36,270.0,2018-11-16
Ruston,US,32.52,-92.64,38.44,35.96,40.1,,,78,1,2.91,204.504,2018-11-16
Fergus Falls,US,46.28,-96.08,20.12,17.6,23.0,,,85,1,5.82,330.0,2018-11-16
Weatherford,US,32.76,-97.8,39.87,35.06,42.8,,,80,1,5.59,246.504,2018-11-16
Ahuimanu,US,21.44,-157.84,74.26,69.8,77.0,,,94,75,3.36,300.0,2018-11-16
Leon,US,40.74,-93.75,34.21,30.92,36.68,,,86,90,10.29,300.0,2018-11-16
Salem,US,44.94,-123.03,39.81,33.98,42.98,,,95,90,2.91,341.504,2018-11-16
Valparaiso,US,41.47,-87.06,33.93,32.0,35.96,,,75,75,10.29,260.0,2018-11-16
Tyler,US,32.35,-95.3,40.77,39.02,42.8,,,73,1,6.93,190.0,2018-11-16
Florence,US,34.8,-87.68,29.57,26.96,35.6,,,92,1,3.36,120.0,2018-11-16
Roseburg,US,43.22,-123.34,48.76,46.94,50.0,,,86,90,1.9,112.504,2018-11-16
Rupert,US,42.62,-113.68,27.28,23.0,32.0,,,77,1,4.03,196.004,2018-11-16
Saint Louis Park,US,44.95,-93.35,28.78,26.78,30.2,,,86,90,12.75,300.0,2018-11-16
Lamar,US,38.09,-102.62,23.0,23.0,23.0,,,91,1,16.67,185.504,2018-11-16
Huron,US,44.36,-98.21,28.45,26.06,30.02,,,92,90,8.05,80.0,2018-11-16
Truth or Consequences,US,33.13,-107.25,32.0,32.0,32.0,,,49,1,4.7,320.0,2018-11-16
Palmer,US,61.6,-149.11,25.09,21.02,28.94,,,55,1,9.17,330.0,2018-11-16
Eliot,US,43.15,-70.8,32.13,26.06,42.08,,,100,90,19.46,10.0,2018-11-16
Astoria,US,46.19,-123.83,48.92,48.92,48.92,,,100,90,2.35,193.504,2018-11-16
Grand Forks,US,47.91,-97.06,18.97,17.6,21.2,,,85,90,13.87,350.0,2018-11-16
Marshall,US,39.39,-87.69,29.68,28.04,31.1,,,84,75,10.29,250.0,2018-11-16
Estelle,US,32.87,-97.01,40.77,35.42,46.94,,,80,1,6.93,180.0,2018-11-16
Wahpeton,US,46.27,-96.61,20.75,19.04,23.0,,,85,68,4.7,360.0,2018-11-16
Coos Bay,US,43.37,-124.22,41.0,41.0,41.0,,,100,1,4.7,150.0,2018-11-16
Port Hueneme,US,34.15,-119.2,49.03,46.04,51.98,,,58,1,5.82,20.0,2018-11-16
Dubuque,US,42.5,-90.66,35.06,32.0,37.4,,,74,90,14.99,300.0,2018-11-16
Weiser,US,44.25,-116.97,21.92,21.92,21.92,,,71,1,4.7,290.0,2018-11-16
Nantucket,US,41.28,-70.1,50.81,48.2,53.06,,,96,90,19.46,190.0,2018-11-16
Waycross,US,31.21,-82.35,37.74,35.96,39.2,,,83,1,10.29,320.0,2018-11-16
Shreveport,US,32.52,-93.77,37.4,35.6,39.02,,,85,1,4.7,140.0,2018-11-16
Somerset,US,37.09,-84.6,29.84,28.94,30.2,,,100,1,6.93,180.0,2018-11-16
Oneonta,US,42.45,-75.06,31.19,31.19,31.19,1020.62,961.37,73,0,3.02,307.004,2018-11-16
Dickinson,US,46.88,-102.79,33.08,33.08,33.08,,,91,90,6.93,130.0,2018-11-16
Billings,US,45.79,-108.5,48.02,48.02,48.02,,,45,90,10.29,290.0,2018-11-16
Morgan City,US,29.7,-91.21,35.74,35.6,35.96,,,100,1,4.03,134.504,2018-11-16
South Sioux City,US,42.47,-96.41,29.73,22.46,33.8,,,80,90,6.93,310.0,2018-11-16
Arkadelphia,US,34.12,-93.05,33.73,32.0,35.06,,,84,1,3.02,220.004,2018-11-16
Kenai,US,60.55,-151.26,29.97,26.96,33.08,,,88,90,17.22,20.0,2018-11-16
Logansport,US,40.75,-86.36,31.8,30.2,33.8,,,99,90,11.41,240.0,2018-11-16
Toppenish,US,46.38,-120.31,35.06,35.06,35.06,,,84,1,4.7,320.0,2018-11-16
Tallahassee,US,30.44,-84.28,35.92,35.06,37.4,,,74,8,6.93,,2018-11-16
Green River,US,41.53,-109.47,30.92,30.92,30.92,,,60,1,17.22,240.0,2018-11-16
Natchitoches,US,31.76,-93.09,36.37,34.7,39.02,,,100,1,4.36,193.504,2018-11-16
Troutdale,US,45.53,-122.39,44.22,42.08,46.04,,,92,90,1.57,63.0039,2018-11-16
Willmar,US,45.12,-95.04,23.29,19.4,26.6,,,92,1,3.36,300.0,2018-11-16
Atchison,US,39.56,-95.12,29.57,23.0,35.06,,,100,1,5.7,266.504,2018-11-16
Ferry Pass,US,30.51,-87.21,34.09,30.56,37.04,,,92,1,5.82,40.0,2018-11-16
Guymon,US,36.68,-101.48,29.39,26.06,39.02,,,75,1,11.41,230.0,2018-11-16
Key Largo,US,25.09,-80.45,62.06,62.06,62.06,,,77,90,12.75,350.0,2018-11-16
Glenwood Springs,US,39.55,-107.33,19.8,15.08,24.8,,,53,1,12.75,220.0,2018-11-16
Kalispell,US,48.2,-114.32,39.92,39.92,39.92,,,82,90,5.82,150.0,2018-11-16
Jackson,US,35.61,-88.82,32.02,30.2,33.8,,,88,1,4.7,200.0,2018-11-16
Benton Harbor,US,42.12,-86.45,32.5,28.94,36.68,,,82,90,11.41,260.0,2018-11-16
Gallup,US,35.53,-108.74,14.58,14.0,15.08,,,70,1,3.36,70.0,2018-11-16
Douglas,US,58.28,-134.39,33.26,30.02,35.06,,,100,90,2.68,36.5039,2018-11-16
Lufkin,US,31.34,-94.73,33.51,30.92,35.6,,,100,1,3.36,100.0,2018-11-16
Excelsior Springs,US,39.34,-94.23,33.26,30.92,35.06,,,85,1,5.82,220.0,2018-11-16
Millinocket,US,45.66,-68.71,19.36,19.04,19.94,,,84,90,8.05,20.0,2018-11-16
Valley City,US,46.92,-98.0,25.47,24.8,26.6,,,100,90,7.94,59.5039,2018-11-16
Long Beach,US,30.35,-89.15,35.58,33.98,37.58,,,96,1,3.24,80.5039,2018-11-16
Coalinga,US,36.14,-120.36,36.48,35.96,37.04,,,51,1,4.03,65.5039,2018-11-16
Lewiston,US,46.42,-117.02,42.51,42.08,42.98,,,79,90,2.46,319.004,2018-11-16
Mastic Beach,US,40.77,-72.85,39.24,37.04,42.62,,,92,90,16.11,350.0,2018-11-16
Columbine,US,39.59,-105.07,35.24,27.5,42.08,,,82,1,4.7,210.0,2018-11-16
Baker City,US,44.77,-117.83,24.08,24.08,24.08,,,87,40,2.13,315.504,2018-11-16
Evans,US,40.38,-104.69,32.7,17.96,42.08,,,78,1,3.36,280.0,2018-11-16
Carpentersville,US,42.12,-88.26,35.17,33.08,37.04,,,84,90,10.29,250.0,2018-11-16
Alexandria,US,31.31,-92.44,34.2,32.0,35.6,,,95,1,3.47,176.504,2018-11-16
Clive,US,41.61,-93.78,35.98,35.06,37.4,,,82,90,9.17,297.004,2018-11-16
Bismarck,US,46.81,-100.78,29.21,28.4,30.02,,,100,92,10.29,170.0,2018-11-16
King City,US,36.21,-121.13,46.94,46.94,46.94,,,41,1,4.7,71.0039,2018-11-16
Dunn,US,35.31,-78.61,41.32,38.3,44.6,,,69,1,5.82,290.0,2018-11-16
Chippewa Falls,US,44.94,-91.39,30.29,28.94,32.0,,,78,90,16.11,290.0,2018-11-16
Auburn,US,32.61,-85.48,32.49,30.02,35.06,,,100,1,3.36,280.0,2018-11-16
Flagstaff,US,35.2,-111.65,28.09,15.98,42.8,,,30,1,13.87,30.0,2018-11-16
Bloomington,US,40.47,-88.99,34.88,32.0,35.96,,,85,90,4.7,280.0,2018-11-16
Lawrenceburg,US,35.24,-87.33,29.64,28.04,32.0,,,92,1,3.36,180.0,2018-11-16
Kailua,US,21.39,-157.74,74.25,69.8,77.0,,,94,75,3.36,300.0,2018-11-16
Cape Canaveral,US,28.41,-80.6,52.21,50.0,54.32,,,87,75,10.29,320.0,2018-11-16
Cortez,US,37.35,-108.58,15.08,15.08,15.08,,,73,1,5.82,70.0,2018-11-16
Havelock,US,34.88,-76.9,44.8,44.06,46.04,,,85,1,12.75,280.0,2018-11-16
Maryville,US,40.35,-94.87,28.99,28.04,30.92,,,92,1,5.82,220.0,2018-11-16
New Bern,US,35.11,-77.04,44.26,42.8,46.04,,,70,1,5.82,300.0,2018-11-16
Galveston,US,40.58,-86.19,31.35,29.3,33.8,,,99,90,14.99,260.0,2018-11-16
Depew,US,35.8,-96.51,32.81,30.02,35.6,,,94,1,5.93,69.0039,2018-11-16
Longmont,US,40.17,-105.1,35.22,27.5,42.08,,,78,1,3.36,280.0,2018-11-16
Fallon,US,46.84,-105.12,33.8,33.8,33.8,,,100,90,12.97,284.504,2018-11-16
Livingston,US,32.58,-88.19,31.5,30.92,32.0,,,92,75,3.58,190.004,2018-11-16
Cloquet,US,46.72,-92.46,26.37,24.8,28.4,,,79,90,13.87,300.0,2018-11-16
Bellmead,US,31.59,-97.11,37.29,37.04,37.94,,,85,1,4.7,200.0,2018-11-16
Bullhead City,US,35.15,-114.57,47.19,41.0,51.8,,,25,1,2.57,347.504,2018-11-16
Lahaina,US,20.87,-156.68,72.75,69.98,75.02,,,87,1,14.99,50.0,2018-11-16
Hoquiam,US,46.98,-123.89,51.17,50.0,53.06,,,100,90,4.7,220.0,2018-11-16
Missoula,US,46.87,-114.0,39.92,39.92,39.92,,,89,90,1.9,256.004,2018-11-16
Mount Pleasant,US,33.16,-94.97,39.25,35.06,42.8,,,92,1,3.36,150.0,2018-11-16
Cheney,US,47.49,-117.58,36.5,33.98,37.94,,,100,90,4.7,10.0,2018-11-16
Pierre,US,44.37,-100.35,28.94,28.94,28.94,,,96,75,10.29,120.0,2018-11-16
Tifton,US,31.45,-83.51,35.29,33.98,36.68,,,84,1,10.29,330.0,2018-11-16
Marana,US,32.44,-111.22,40.37,37.4,42.62,,,51,1,8.05,110.0,2018-11-16
Washougal,US,45.58,-122.35,44.22,42.08,46.04,,,92,90,1.57,63.0039,2018-11-16
Brownsville,US,25.91,-97.49,41.92,39.92,42.98,,,93,20,1.45,147.004,2018-11-16
Winnemucca,US,40.97,-117.74,12.92,12.92,12.92,,,53,1,4.7,140.0,2018-11-16
Hilton Head Island,US,32.16,-80.75,37.44,37.04,37.94,,,100,1,11.41,310.0,2018-11-16
Waconia,US,44.85,-93.79,27.9,26.06,30.2,,,92,90,8.05,300.0,2018-11-16
Bozeman,US,45.68,-111.04,42.96,39.2,48.02,,,44,90,17.22,170.0,2018-11-16
Gulfport,US,30.37,-89.09,35.58,33.98,37.58,,,96,1,3.24,65.0039,2018-11-16
Marietta,US,33.95,-84.55,31.87,30.02,33.98,,,82,1,5.14,313.504,2018-11-16
Danbury,US,41.39,-73.45,33.94,32.0,37.04,,,88,90,21.92,340.0,2018-11-16
Pacifica,US,37.61,-122.49,39.78,33.08,48.02,,,100,90,3.36,40.0,2018-11-16
Russellville,US,35.28,-93.13,28.94,28.94,28.94,,,96,1,2.24,252.504,2018-11-16
Sunrise Manor,US,36.21,-115.07,41.94,34.34,48.02,,,41,90,3.13,343.504,2018-11-16
Tarboro,US,35.9,-77.54,41.94,39.92,44.24,,,70,1,11.41,260.0,2018-11-16
Sterling,US,39.0,-77.4,37.2,34.16,39.2,,,86,1,9.17,310.0,2018-11-16
Wasilla,US,61.58,-149.44,25.11,21.02,28.94,,,95,1,5.82,200.0,2018-11-16
Selma,US,36.57,-119.61,40.17,35.96,42.8,,,75,90,2.24,331.004,2018-11-16
Bellevue,US,47.61,-122.19,51.24,48.92,53.06,,,92,90,2.57,167.504,2018-11-16
Covington,US,35.56,-89.65,32.97,30.2,35.06,,,86,1,8.16,243.504,2018-11-16
Charlottesville,US,38.03,-78.48,37.67,33.08,41.0,,,62,1,11.41,250.0,2018-11-16
Cedar City,US,37.68,-113.06,26.06,26.06,26.06,,,74,1,2.24,167.504,2018-11-16
Ewa Beach,US,21.32,-158.01,74.28,69.8,77.0,,,94,75,3.36,300.0,2018-11-16
Warrensburg,US,38.76,-93.74,34.14,32.0,35.6,,,77,1,4.7,270.0,2018-11-16
Farmington,US,36.73,-108.21,18.77,17.96,19.94,,,81,1,6.93,80.0,2018-11-16
Morgantown,US,39.63,-79.96,29.25,24.8,30.92,,,100,90,8.05,250.0,2018-11-16
Forest,US,32.36,-89.47,32.0,32.0,32.0,,,95,75,3.36,150.0,2018-11-16
Nuevo Laredo,US,27.49,-99.5,36.86,33.26,41.0,,,70,1,3.36,90.0,2018-11-16
Isla Vista,US,34.41,-119.86,45.64,42.08,51.08,,,56,1,0.89,342.004,2018-11-16
Washington DC.,US,38.9,-77.04,37.72,34.16,41.0,,,79,1,13.87,296.004,2018-11-16
Nanticoke,US,41.21,-76.0,28.4,28.04,28.94,,,92,90,13.87,280.0,2018-11-16
Laurel,US,45.67,-108.77,48.02,48.02,48.02,,,45,90,10.29,290.0,2018-11-16
Elko,US,40.83,-115.76,15.98,15.98,15.98,,,61,1,2.68,177.004,2018-11-16
Garden City,US,40.73,-73.63,35.49,33.08,37.04,,,88,90,24.16,330.0,2018-11-16
Pendleton,US,34.65,-82.78,31.01,30.02,33.08,,,100,1,3.36,328.504,2018-11-16
Homer,US,59.64,-151.54,39.61,33.08,46.94,,,65,90,12.75,60.0,2018-11-16
Aberdeen,US,45.47,-98.49,24.98,24.98,24.98,,,80,90,5.82,80.0,2018-11-16
Miles City,US,46.41,-105.84,33.98,33.98,33.98,,,81,90,6.93,280.0,2018-11-16
Asheville,US,35.6,-82.55,30.02,30.02,30.02,,,78,75,16.11,350.0,2018-11-16
Craig,US,40.52,-107.55,18.3,12.92,24.08,,,94,1,2.46,203.504,2018-11-16
Houston,US,29.76,-95.37,37.76,33.8,42.8,,,91,1,2.68,192.504,2018-11-16
Payson,US,40.04,-111.73,26.55,24.08,28.76,,,80,1,1.34,116.004,2018-11-16
Traverse City,US,44.76,-85.62,33.58,32.0,35.6,,,95,90,3.36,190.0,2018-11-16
Brigantine,US,39.41,-74.36,37.98,35.96,39.92,,,88,90,18.34,290.0,2018-11-16
Rock Springs,US,41.59,-109.2,30.92,30.92,30.92,,,60,1,17.22,240.0,2018-11-16
Monterey,US,36.6,-121.89,43.83,39.2,46.94,,,51,1,5.14,100.504,2018-11-16
Evanston,US,42.04,-87.69,34.61,33.08,35.96,,,75,75,10.29,270.0,2018-11-16
Arcata,US,40.87,-124.08,40.1,37.94,42.8,,,75,1,9.17,140.0,2018-11-16
Herrin,US,37.8,-89.03,27.77,24.98,30.2,,,86,5,4.7,210.0,2018-11-16
Pottsville,US,40.69,-76.2,34.9,32.0,37.04,,,80,75,11.41,270.0,2018-11-16
Redmond,US,47.67,-122.12,51.17,48.92,53.06,,,96,90,2.57,167.504,2018-11-16
Brainerd,US,46.36,-94.2,21.83,19.4,24.98,,,79,90,5.82,330.0,2018-11-16
Muskogee,US,35.75,-95.37,31.3,28.4,33.8,,,88,1,4.14,71.5039,2018-11-16
Enid,US,36.4,-97.88,34.25,32.0,37.04,,,87,1,6.26,88.5039,2018-11-16
Lively,US,33.6,-99.18,40.77,40.77,40.77,1035.05,990.23,60,0,4.59,245.504,2018-11-16
Price,US,39.6,-110.81,26.06,26.06,26.06,,,62,1,3.36,10.0,2018-11-16
Morro Bay,US,35.37,-120.85,42.84,37.04,48.02,,,55,1,5.03,76.5039,2018-11-16
Waynesboro,US,35.32,-87.76,31.15,28.04,35.6,,,67,1,6.93,170.0,2018-11-16
Laramie,US,41.31,-105.59,40.41,35.06,43.16,,,43,1,17.22,230.0,2018-11-16
Sulphur,US,30.24,-93.38,38.19,37.22,40.64,,,98,1,2.57,201.504,2018-11-16
Henderson,US,36.04,-114.98,43.57,39.56,48.02,,,41,90,3.13,343.504,2018-11-16
Mandan,US,46.83,-100.89,28.27,26.6,30.02,,,92,90,9.17,160.0,2018-11-16
Ojinaga,US,29.56,-104.41,33.84,33.84,33.84,1037.64,914.03,36,0,1.57,169.004,2018-11-16
Sikeston,US,36.88,-89.59,31.28,26.96,35.6,,,88,1,6.93,240.0,2018-11-16
Fortuna Foothills,US,32.66,-114.41,50.0,50.0,50.0,,,37,1,5.82,20.0,2018-11-16
Brownwood,US,31.71,-98.99,36.95,28.4,46.04,,,100,1,5.93,230.504,2018-11-16
Cody,US,44.53,-109.06,46.94,46.94,46.94,,,36,20,11.41,260.0,2018-11-16
Toccoa,US,34.58,-83.33,31.26,30.02,33.08,,,82,1,6.93,240.0,2018-11-16
Bainbridge,US,30.9,-84.58,35.2,33.8,37.4,,,100,1,3.36,270.0,2018-11-16
Ammon,US,43.47,-111.97,23.31,19.94,26.06,,,73,20,4.25,224.504,2018-11-16
Glendive,US,47.11,-104.71,32.77,32.0,33.8,,,100,90,5.59,320.004,2018-11-16
Las Vegas,US,36.17,-115.15,41.94,34.34,48.02,,,41,90,3.13,343.504,2018-11-16
Haysville,US,37.56,-97.35,32.02,26.96,35.96,,,77,1,3.36,40.0,2018-11-16
Zanesville,US,39.94,-82.01,31.26,30.2,32.0,,,85,90,16.11,230.0,2018-11-16
Waverly,US,37.04,-77.1,40.71,37.94,42.8,,,76,1,9.17,250.0,2018-11-16
Canyon,US,34.98,-101.92,33.31,31.28,35.06,,,88,1,2.91,125.004,2018-11-16
Pittsfield,US,39.61,-90.81,31.77,28.22,33.98,,,89,1,4.7,250.0,2018-11-16
Blue Springs,US,39.02,-94.28,33.75,30.92,35.6,,,84,1,4.7,270.0,2018-11-16
Fort Erie,US,42.91,-78.92,33.66,33.08,33.98,,,92,90,16.11,280.0,2018-11-16
Waldoboro,US,44.1,-69.38,27.36,23.0,35.6,,,93,90,24.16,60.0,2018-11-16
Syracuse,US,43.05,-76.15,27.72,26.06,28.94,,,95,90,3.36,140.0,2018-11-16
Rancho Mirage,US,33.76,-116.42,39.97,23.0,51.08,,,49,1,1.9,344.004,2018-11-16
Manhattan,US,39.18,-96.57,24.8,24.62,24.98,,,92,1,2.8,211.504,2018-11-16
Saint Paul,US,44.95,-93.1,29.16,28.04,30.2,,,86,90,12.75,300.0,2018-11-16
Alice,US,27.75,-98.07,40.96,39.2,42.98,,,91,1,3.36,320.0,2018-11-16
Santa Barbara,US,34.42,-119.7,47.32,42.8,51.08,,,56,1,0.89,342.004,2018-11-16
Plattsburgh,US,44.69,-73.46,23.9,21.92,26.96,,,96,90,3.36,31.5039,2018-11-16
Vicksburg,US,32.35,-90.88,33.64,33.08,33.98,,,100,1,5.14,206.504,2018-11-16
Pampa,US,35.54,-100.96,31.75,26.78,35.06,,,75,1,6.93,140.0,2018-11-16
Moore,US,35.34,-97.49,34.77,32.36,37.04,,,90,1,4.7,350.0,2018-11-16
Culpeper,US,38.47,-78.0,38.12,35.6,41.0,,,87,1,4.14,274.504,2018-11-16
Monticello,US,45.31,-93.79,27.5,26.06,28.94,,,84,90,6.93,300.0,2018-11-16
Rancho Palos Verdes,US,33.75,-118.37,53.46,50.0,55.94,,,50,40,3.58,33.0039,2018-11-16
Omaha,US,41.26,-95.94,30.29,26.96,32.0,,,80,1,5.82,290.0,2018-11-16
Dillon,US,45.22,-112.64,35.96,35.96,35.96,,,45,90,19.46,220.0,2018-11-16
Steamboat Springs,US,40.48,-106.83,17.92,8.6,28.4,,,94,1,2.13,218.004,2018-11-16
Muskegon,US,43.23,-86.25,35.29,33.8,35.96,,,93,90,4.7,240.0,2018-11-16
Lamesa,US,32.74,-101.95,30.38,30.38,30.38,,,79,1,6.93,300.0,2018-11-16
Gillette,US,44.29,-105.5,44.06,44.06,44.06,,,42,90,12.75,250.0,2018-11-16
Battle Creek,US,42.32,-85.18,30.15,28.4,32.0,,,90,90,10.29,220.0,2018-11-16
Azle,US,32.9,-97.55,41.31,35.06,46.94,,,56,1,5.59,246.504,2018-11-16
Magnolia,US,33.27,-93.24,34.97,32.0,39.92,,,83,1,2.46,205.004,2018-11-16
Placerville,US,38.73,-120.8,41.77,28.4,57.2,,,18,90,5.82,100.0,2018-11-16
Godfrey,US,38.96,-90.19,28.31,25.88,30.74,,,88,75,9.17,280.0,2018-11-16
Key West,US,47.93,-96.78,18.97,17.6,21.2,,,85,90,13.87,350.0,2018-11-16
Pascagoula,US,30.37,-88.56,36.21,35.06,37.94,,,88,1,3.24,65.0039,2018-11-16
Tuscaloosa,US,33.21,-87.57,35.06,35.06,35.06,,,81,40,3.36,10.0,2018-11-16
Greenwood,US,32.03,-101.9,34.27,32.9,37.04,,,82,0,3.13,178.004,2018-11-16
Homewood,US,41.56,-87.67,34.93,33.8,35.96,,,82,90,8.05,260.0,2018-11-16
Columbia,US,38.95,-92.33,33.17,28.94,35.78,,,81,1,8.05,290.0,2018-11-16
Bellefontaine,US,40.36,-83.76,30.87,30.02,32.0,,,89,90,11.41,230.0,2018-11-16
Siloam Springs,US,36.19,-94.54,31.33,28.4,33.8,,,88,1,3.36,110.0,2018-11-16
Sandpoint,US,48.28,-116.55,37.0,35.6,37.94,,,93,75,3.36,50.0,2018-11-16
Greensburg,US,30.83,-90.67,33.62,33.08,33.98,,,100,1,3.36,118.004,2018-11-16
Clovis,US,36.83,-119.7,40.1,35.96,42.8,,,75,90,0.78,216.504,2018-11-16
Great Falls,US,47.5,-111.29,42.15,41.0,43.34,,,72,90,9.17,270.0,2018-11-16
Lake City,US,38.03,-107.32,19.72,12.92,30.2,,,42,1,6.93,140.0,2018-11-16
Montgomery,US,32.37,-86.3,31.17,30.02,33.08,,,95,1,4.14,250.504,2018-11-16
Merrill,US,42.03,-121.6,19.04,19.04,19.04,,,84,1,2.35,67.5039,2018-11-16
Racine,US,42.73,-87.78,33.73,32.0,35.96,,,78,75,12.75,280.0,2018-11-16
Fernley,US,39.61,-119.25,21.96,17.6,26.96,,,44,1,2.35,337.504,2018-11-16
Canton,US,40.8,-81.38,32.32,30.92,33.98,,,92,90,3.36,240.0,2018-11-16
Elizabeth City,US,36.3,-76.22,43.47,41.0,45.86,,,79,1,13.2,283.004,2018-11-16
Jasper,US,33.83,-87.28,28.94,26.96,30.2,,,100,48,3.58,203.004,2018-11-16
Streator,US,41.12,-88.84,35.78,34.88,37.58,,,96,90,17.22,280.0,2018-11-16
Springfield,US,37.22,-93.29,28.04,28.04,28.04,,,81,1,3.36,220.0,2018-11-16
Sheridan,US,39.65,-105.03,35.24,27.5,42.08,,,82,1,4.7,210.0,2018-11-16
Rapid City,US,44.08,-103.23,34.57,28.04,42.8,,,65,90,4.7,180.0,2018-11-16
Nome,US,30.04,-94.42,37.71,33.98,40.1,,,91,1,2.68,149.004,2018-11-16
Anchorage,US,61.22,-149.89,25.12,21.02,28.94,,,99,75,4.7,10.0,2018-11-16
Red Bluff,US,40.18,-122.24,35.11,33.08,37.04,,,53,40,5.82,320.0,2018-11-16
Hibbing,US,47.43,-92.94,21.81,21.02,23.54,,,87,90,8.05,300.0,2018-11-16
Fairhaven,US,41.64,-70.9,44.89,39.02,53.06,,,100,90,3.36,340.0,2018-11-16
Cadillac,US,44.25,-85.4,33.15,30.92,35.06,,,89,90,5.82,250.0,2018-11-16
Mountain Home,US,43.13,-115.69,26.69,21.92,30.02,,,78,1,4.7,70.0,2018-11-16
Columbus,US,32.46,-84.99,32.99,30.02,35.06,,,93,1,3.91,331.504,2018-11-16
Vancouver,US,45.63,-122.67,44.73,42.08,48.2,,,96,90,1.57,63.0039,2018-11-16
Pahrump,US,36.21,-115.98,39.27,34.34,44.96,,,30,1,3.36,110.0,2018-11-16
Hot Springs,US,34.5,-93.06,35.06,35.06,35.06,,,95,1,2.35,213.004,2018-11-16
Charleston,US,38.35,-81.63,30.92,30.92,30.92,,,85,90,12.75,240.0,2018-11-16
Roanoke Rapids,US,36.46,-77.65,40.03,37.22,41.9,,,75,1,13.87,260.0,2018-11-16
Brawley,US,32.98,-115.53,47.93,46.94,48.92,,,33,1,1.57,291.504,2018-11-16
Peru,US,41.33,-89.13,35.44,34.88,35.96,,,85,90,10.29,300.0,2018-11-16
Madera,US,36.96,-120.06,38.43,32.0,42.8,,,75,90,1.12,125.004,2018-11-16
Huntsville,US,34.73,-86.59,29.75,28.94,30.2,,,100,1,3.91,202.504,2018-11-16
Brookings,US,44.31,-96.8,22.41,21.02,26.24,,,92,1,6.93,330.0,2018-11-16
Mitchell,US,43.71,-98.03,30.02,30.02,30.02,,,88,90,5.82,50.0,2018-11-16
Port Arthur,US,29.9,-93.93,43.3,37.94,59.0,,,100,1,2.68,149.004,2018-11-16
Houlton,US,46.13,-67.84,18.27,17.6,19.04,,,87,90,6.93,60.0,2018-11-16
West Point,US,33.61,-88.65,30.85,30.02,32.0,,,66,1,6.15,227.504,2018-11-16
Magalia,US,39.81,-121.58,36.63,35.6,37.04,,,55,90,3.58,353.004,2018-11-16
Hillsboro,US,39.16,-89.49,30.63,28.4,33.26,,,88,75,9.17,280.0,2018-11-16
Bernalillo,US,35.3,-106.55,28.65,22.82,33.08,,,58,20,2.35,325.504,2018-11-16
Anchorage,US,61.22,-149.89,30.02,28.58,33.08,,,88,90,8.34,27.5075,2018-11-17
Kodiak,US,39.95,-94.76,35.96,35.96,35.96,,,96,20,3.36,350.0,2018-11-17
Hilo,US,19.71,-155.08,57.34,50.9,69.98,,,97,90,5.82,210.0,2018-11-17
Sweetwater,US,32.47,-100.41,44.89,41.0,50.0,,,59,1,14.99,190.0,2018-11-17
Mission Bend,US,29.69,-95.67,49.86,45.5,55.4,,,89,20,3.36,100.0,2018-11-17
Kapaa,US,22.08,-159.32,73.26,71.96,73.94,,,81,90,19.46,30.0,2018-11-17
Ahuimanu,US,21.44,-157.84,73.11,69.8,77.0,,,87,75,16.11,60.0,2018-11-17
Pampa,US,35.54,-100.96,35.19,32.36,37.94,,,88,1,13.87,310.0,2018-11-17
Billings,US,45.79,-108.5,12.02,12.02,12.02,,,87,75,4.7,10.0,2018-11-17
Kenai,US,60.55,-151.26,34.38,33.98,35.06,,,92,90,16.11,30.0,2018-11-17
Half Moon Bay,US,37.46,-122.43,43.03,35.96,48.02,,,87,90,4.7,40.0,2018-11-17
Clinton,US,41.84,-90.19,30.61,30.02,30.92,,,100,90,4.7,10.0,2018-11-17
Bethel,US,60.79,-161.76,35.06,35.06,35.06,,,95,90,5.82,50.0,2018-11-17
Marquette,US,46.54,-87.4,24.66,15.8,28.94,,,92,20,8.05,320.0,2018-11-17
Siloam Springs,US,36.19,-94.54,44.51,41.0,48.02,,,80,1,5.82,160.0,2018-11-17
Gillette,US,44.29,-105.5,14.0,14.0,14.0,,,95,90,9.17,20.0,2018-11-17
Lompoc,US,34.64,-120.46,50.04,48.2,51.8,,,100,90,3.36,130.0,2018-11-17
Belle Fourche,US,44.67,-103.85,16.09,14.0,17.6,,,92,90,3.53,13.5075,2018-11-17
Sitka,US,37.17,-99.65,34.35,34.35,34.35,1033.31,956.5,89,32,19.64,26.5075,2018-11-17
College,US,64.86,-147.8,5.9,5.18,6.98,,,89,1,3.98,14.0075,2018-11-17
Kingsville,US,39.45,-76.42,40.55,37.4,44.06,,,70,75,3.36,250.0,2018-11-17
South Venice,US,27.05,-82.42,50.45,48.92,51.8,,,81,1,12.75,30.0,2018-11-17
Juneau,US,58.3,-134.42,39.02,39.02,39.02,,,95,90,20.8,100.0,2018-11-17
Brownwood,US,31.71,-98.99,38.75,32.0,42.8,,,90,1,5.99,191.008,2018-11-17
Sterling,US,39.0,-77.4,37.6,28.58,44.06,,,67,75,16.11,300.0,2018-11-17
Centralia,US,39.21,-92.14,33.76,30.92,35.96,,,91,1,5.1,152.008,2018-11-17
Pacific Grove,US,36.62,-121.92,44.1,37.4,46.94,,,70,75,5.82,80.0,2018-11-17
Kahului,US,20.89,-156.47,72.73,71.06,75.02,,,87,75,9.17,40.0,2018-11-17
Rancho Palos Verdes,US,33.75,-118.37,56.68,51.98,62.06,,,86,40,3.36,,2018-11-17
Bayshore Gardens,US,27.43,-82.59,50.49,44.6,55.94,,,81,1,12.75,30.0,2018-11-17
Fergus Falls,US,46.28,-96.08,6.19,5.0,6.8,,,77,40,11.41,360.0,2018-11-17
Alamosa,US,37.47,-105.87,12.02,12.02,12.02,,,87,1,3.09,92.0075,2018-11-17
Eureka,US,40.8,-124.16,38.55,35.96,41.0,,,100,75,2.64,108.008,2018-11-17
Beachwood,US,41.46,-81.51,37.08,34.16,39.2,,,100,90,11.41,250.0,2018-11-17
Ketchikan,US,55.34,-131.65,45.12,44.06,46.04,,,76,90,8.05,160.0,2018-11-17
Bethalto,US,38.91,-90.04,31.89,31.1,33.08,,,100,1,9.17,90.0,2018-11-17
Douglas,US,31.34,-109.55,32.0,32.0,32.0,,,69,1,2.75,208.508,2018-11-17
Oneida,US,41.07,-90.23,32.49,30.92,33.08,,,96,90,9.17,50.0,2018-11-17
Mount Pleasant,US,33.16,-94.97,42.49,39.02,47.3,,,88,1,6.11,183.508,2018-11-17
Stephenville,US,32.22,-98.2,40.95,37.94,42.8,,,76,1,3.36,150.0,2018-11-17
Beaverton,US,45.49,-122.8,43.03,37.94,50.0,,,92,1,7.23,61.5075,2018-11-17
Brewster,US,41.76,-70.08,40.33,37.94,42.98,,,100,75,12.75,250.0,2018-11-17
Ukiah,US,39.15,-123.21,32.0,32.0,32.0,,,81,1,1.97,75.0075,2018-11-17
Devils Lake,US,48.11,-98.87,-1.54,-2.21,-0.94,,,84,1,6.93,280.0,2018-11-17
Tucumcari,US,35.17,-103.73,42.98,42.98,42.98,,,59,1,14.99,20.0,2018-11-17
Waynesville,US,37.83,-92.2,39.42,37.04,41.0,,,86,1,5.82,140.0,2018-11-17
Dixon,US,38.45,-121.82,33.53,31.46,35.6,,,70,40,3.36,340.0,2018-11-17
Key West,US,47.93,-96.78,1.13,-0.05,3.2,,,77,1,6.93,340.0,2018-11-17
Ocala,US,29.19,-82.14,40.78,37.04,46.94,,,93,1,5.55,359.508,2018-11-17
Midland,US,32.0,-102.08,39.13,33.98,41.18,,,75,1,3.36,310.0,2018-11-17
La Grande,US,45.32,-118.09,29.01,28.04,30.92,,,96,90,2.19,162.008,2018-11-17
Maryville,US,40.35,-94.87,34.72,33.8,35.96,,,78,90,17.22,30.0,2018-11-17
Fairview,US,40.81,-74.0,38.66,35.96,41.0,,,71,40,5.82,270.0,2018-11-17
Bixby,US,35.94,-95.88,41.85,39.02,44.6,,,79,1,8.68,193.508,2018-11-17
Salina,US,36.29,-95.15,42.37,35.6,48.02,,,70,1,6.93,160.0,2018-11-17
Pecos,US,31.42,-103.49,28.96,26.96,31.1,,,81,1,3.36,120.0,2018-11-17
Hilton Head Island,US,32.16,-80.75,39.0,36.68,41.0,,,93,1,2.98,340.508,2018-11-17
Rochester,US,44.02,-92.46,20.62,17.6,24.8,,,85,90,5.82,320.0,2018-11-17
Selma,US,36.57,-119.61,40.12,37.04,42.8,,,70,90,0.63,37.5075,2018-11-17
Bossier City,US,32.52,-93.73,39.4,36.14,42.08,,,96,1,5.21,182.008,2018-11-17
Merritt Island,US,28.54,-80.67,51.96,48.2,58.1,,,83,1,9.17,320.0,2018-11-17
Show Low,US,34.25,-110.03,29.26,24.98,39.2,,,29,1,11.41,180.0,2018-11-17
Coos Bay,US,43.37,-124.22,42.8,42.8,42.8,,,100,75,3.36,10.0,2018-11-17
Petersburg,US,37.23,-77.4,32.36,26.96,37.04,,,88,1,2.53,328.008,2018-11-17
South Lake Tahoe,US,38.93,-119.98,22.86,17.6,28.04,,,49,90,1.63,223.508,2018-11-17
Warren,US,42.48,-83.03,34.36,31.82,35.96,,,69,90,6.93,280.0,2018-11-17
Galveston,US,40.58,-86.19,32.59,32.0,33.08,,,96,40,4.7,160.0,2018-11-17
Glenwood Springs,US,39.55,-107.33,20.64,19.04,23.0,,,53,40,12.75,220.0,2018-11-17
Orchard Homes,US,46.86,-114.05,26.06,26.06,26.06,,,59,90,10.29,100.0,2018-11-17
Lake Havasu City,US,34.47,-114.34,51.26,50.0,51.98,,,23,1,2.42,20.0075,2018-11-17
Fairbanks,US,64.84,-147.72,5.9,5.18,6.98,,,89,1,3.98,14.0075,2018-11-17
Jasper,US,33.83,-87.28,32.14,30.02,35.96,,,100,0,2.3,191.008,2018-11-17
LaBelle,US,26.76,-81.44,51.28,48.92,53.06,,,80,1,6.93,20.0,2018-11-17
Spokane,US,47.66,-117.42,29.25,28.04,30.02,,,78,1,9.35,33.5075,2018-11-17
Twin Falls,US,42.57,-114.46,35.92,33.98,37.04,,,85,90,9.17,80.0,2018-11-17
Kingman,US,35.19,-114.05,47.16,39.02,51.98,,,27,1,2.64,126.008,2018-11-17
Saint Paul,US,44.95,-93.1,22.14,21.2,23.0,,,64,90,10.29,350.0,2018-11-17
Mason City,US,43.15,-93.2,22.08,17.6,26.6,,,92,90,18.34,10.0,2018-11-17
Muncie,US,40.19,-85.39,34.09,33.08,35.96,,,88,90,2.86,168.008,2018-11-17
Havelock,US,34.88,-76.9,38.44,32.0,44.06,,,100,1,8.9,353.508,2018-11-17
Norman,US,35.22,-97.44,39.94,35.96,42.98,,,75,1,6.93,170.0,2018-11-17
Pullman,US,46.73,-117.17,30.74,26.06,33.98,,,92,1,2.75,23.5075,2018-11-17
Pierre,US,44.37,-100.35,15.98,15.98,15.98,,,80,90,14.99,10.0,2018-11-17
Levelland,US,33.59,-102.38,32.0,32.0,32.0,,,74,20,9.17,290.0,2018-11-17
Morgantown,US,39.63,-79.96,35.53,33.98,37.94,,,88,90,3.65,259.008,2018-11-17
Oil City,US,41.43,-79.71,32.67,32.0,33.08,,,88,90,10.29,230.0,2018-11-17
Bayonet Point,US,28.33,-82.68,47.52,37.04,55.94,,,100,1,12.48,36.0075,2018-11-17
Blackfoot,US,43.19,-112.35,27.34,24.98,30.92,,,85,90,11.41,40.0,2018-11-17
Raymondville,US,37.34,-91.83,33.89,30.92,37.04,,,86,1,5.82,140.0,2018-11-17
Normal,US,40.51,-88.99,32.31,30.92,33.08,,,98,1,3.36,80.0,2018-11-17
Del Rio,US,29.36,-100.9,42.91,42.08,43.7,,,92,1,4.7,90.0,2018-11-17
Price,US,39.6,-110.81,28.04,28.04,28.04,,,57,1,6.93,30.0,2018-11-17
Nantucket,US,41.28,-70.1,40.24,37.94,42.98,,,100,75,12.75,250.0,2018-11-17
Dickinson,US,46.88,-102.79,10.94,10.94,10.94,,,80,90,3.36,360.0,2018-11-17
Haddonfield,US,39.89,-75.04,40.06,37.94,42.08,,,69,90,3.36,,2018-11-17
Valparaiso,US,41.47,-87.06,33.49,32.0,35.6,,,100,90,3.42,202.008,2018-11-17
Wichita Falls,US,33.91,-98.49,38.03,37.04,39.02,,,85,1,9.17,180.0,2018-11-17
New Bern,US,35.11,-77.04,37.11,32.0,44.06,,,100,1,6.67,342.508,2018-11-17
Port Angeles,US,48.12,-123.43,37.81,32.0,46.04,,,95,1,5.82,220.0,2018-11-17
Brownsville,US,25.91,-97.49,62.1,59.0,64.4,,,93,75,9.35,138.008,2018-11-17
Virginia Beach,US,36.85,-75.98,36.95,30.2,46.94,,,82,1,5.82,30.0,2018-11-17
Elizabeth City,US,36.3,-76.22,38.75,30.2,48.02,,,100,1,6.22,331.008,2018-11-17
Weiser,US,44.25,-116.97,41.0,41.0,41.0,,,67,20,11.41,310.0,2018-11-17
Winnemucca,US,40.97,-117.74,15.08,15.08,15.08,,,43,1,2.42,332.008,2018-11-17
Ruidoso,US,33.33,-105.67,33.03,32.0,35.6,,,29,1,3.76,249.008,2018-11-17
Nuevo Progreso,US,26.05,-97.95,60.17,54.5,64.4,,,86,90,3.53,105.008,2018-11-17
Dubuque,US,42.5,-90.66,30.24,28.94,32.0,,,100,90,5.82,30.0,2018-11-17
Farmington,US,36.73,-108.21,21.9,19.94,24.98,,,62,1,8.05,80.0,2018-11-17
Creston,US,41.06,-94.36,33.42,30.2,37.04,,,97,90,16.11,30.0,2018-11-17
North Bend,US,43.41,-124.22,42.8,42.8,42.8,,,100,75,3.36,10.0,2018-11-17
Superior,US,39.95,-105.17,32.18,19.4,36.5,,,96,90,3.36,50.0,2018-11-17
Guymon,US,36.68,-101.48,36.01,34.7,37.04,,,91,40,17.22,350.0,2018-11-17
Grants Pass,US,42.44,-123.33,37.29,30.02,46.04,,,65,1,10.29,140.0,2018-11-17
Pahrump,US,36.21,-115.98,37.98,32.36,42.98,,,30,1,4.7,100.0,2018-11-17
West Wendover,US,40.74,-114.07,26.96,26.96,26.96,,,62,40,2.64,318.508,2018-11-17
Bowling Green,US,36.99,-86.44,28.71,27.86,30.2,,,92,90,2.42,89.5075,2018-11-17
Belle Glade,US,26.68,-80.67,58.46,50.0,64.4,,,81,1,6.93,350.0,2018-11-17
Clovis,US,36.83,-119.7,40.06,37.04,42.8,,,73,90,1.74,69.5075,2018-11-17
Minot,US,48.23,-101.3,3.52,1.94,6.08,,,79,40,6.93,230.0,2018-11-17
Butte,US,46.01,-112.54,17.06,17.06,17.06,,,76,90,4.7,340.0,2018-11-17
Laurel,US,45.67,-108.77,12.02,12.02,12.02,,,87,75,4.7,10.0,2018-11-17
Cocoa Beach,US,28.32,-80.61,54.61,51.08,58.1,,,84,1,14.99,330.0,2018-11-17
Susanville,US,40.42,-120.65,21.2,21.2,21.2,,,62,1,1.3,3.50751,2018-11-17
Arkadelphia,US,34.12,-93.05,34.61,33.8,35.96,,,82,1,2.98,201.508,2018-11-17
Bay City,US,43.59,-83.89,32.22,32.0,32.54,,,100,90,5.82,270.0,2018-11-17
Homer,US,59.64,-151.54,41.38,39.92,42.98,,,82,90,3.36,40.0,2018-11-17
Flagstaff,US,35.2,-111.65,29.25,21.02,44.6,,,30,1,3.53,230.008,2018-11-17
Evans,US,40.38,-104.69,33.44,32.0,34.34,,,100,90,8.05,80.0,2018-11-17
Big Rapids,US,43.7,-85.48,31.21,28.76,32.54,,,73,90,5.77,287.008,2018-11-17
Barstow,US,31.46,-103.39,29.05,26.96,31.1,,,88,1,6.93,340.0,2018-11-17
Hinesville,US,31.85,-81.6,35.83,33.8,37.94,,,99,1,2.42,327.508,2018-11-17
Fountain Hills,US,33.61,-111.72,45.77,41.36,51.08,,,34,1,4.7,60.0,2018-11-17
Cape Canaveral,US,28.41,-80.6,54.59,51.08,58.1,,,83,1,9.17,320.0,2018-11-17
Roswell,US,33.39,-104.52,32.63,30.02,35.6,,,43,1,2.19,259.008,2018-11-17
Salem,US,44.94,-123.03,41.77,35.6,46.94,,,85,1,6.44,36.0075,2018-11-17
Kingsland,US,30.8,-81.69,42.55,33.8,48.92,,,87,1,5.82,330.0,2018-11-17
Ashland,US,38.48,-82.64,37.04,37.04,37.04,,,92,90,2.3,77.0075,2018-11-17
La Crosse,US,43.8,-91.24,24.91,20.84,28.4,,,77,90,5.82,340.0,2018-11-17
Sidney,US,47.72,-104.16,10.17,8.96,10.94,,,79,90,8.05,280.0,2018-11-17
Watertown,US,44.9,-97.12,8.92,3.92,12.56,,,91,40,12.75,340.0,2018-11-17
Lively,US,33.6,-99.18,40.92,40.92,40.92,1031.93,987.22,67,0,9.8,210.008,2018-11-17
Hopewell,US,37.3,-77.29,33.42,26.96,38.3,,,88,1,2.53,328.008,2018-11-17
Sedalia,US,38.7,-93.23,33.28,30.2,35.96,,,70,1,3.36,170.0,2018-11-17
Payson,US,40.04,-111.73,27.03,24.98,29.3,,,70,90,0.4,297.508,2018-11-17
South Patrick Shores,US,28.2,-80.61,53.67,51.08,58.1,,,84,1,14.99,330.0,2018-11-17
New Brighton,US,45.06,-93.21,22.08,21.2,23.0,,,67,90,13.87,350.0,2018-11-17
North Platte,US,41.12,-100.77,24.08,24.08,24.08,,,87,90,16.11,50.0,2018-11-17
Lock Haven,US,41.14,-77.45,36.27,33.8,37.94,,,75,90,8.05,280.0,2018-11-17
Sheridan,US,39.65,-105.03,33.19,28.4,36.5,,,91,90,9.17,90.0,2018-11-17
Lawrence,US,38.97,-95.24,33.75,28.94,37.94,,,92,1,3.36,310.0,2018-11-17
Greenville,US,34.85,-82.4,32.63,28.94,35.6,,,100,1,2.75,44.5075,2018-11-17
Weatherford,US,32.76,-97.8,43.72,37.94,48.02,,,85,1,6.93,140.0,2018-11-17
Spring Valley,US,41.11,-74.04,38.57,35.96,41.0,,,71,40,5.82,270.0,2018-11-17
Charlestown,US,41.38,-71.64,37.4,33.08,39.92,,,80,75,4.7,230.0,2018-11-17
Estelle,US,32.87,-97.01,45.09,41.0,48.02,,,81,5,6.93,160.0,2018-11-17
Northglenn,US,39.91,-104.99,33.42,32.0,36.5,,,94,90,3.65,138.008,2018-11-17
Port Townsend,US,48.12,-122.76,37.94,30.2,46.4,,,96,1,3.36,340.0,2018-11-17
Ojinaga,US,29.56,-104.41,30.07,30.07,30.07,1033.15,909.97,52,0,1.63,45.5075,2018-11-17
Clarksburg,US,39.28,-80.34,35.56,33.98,37.94,,,75,90,4.7,210.0,2018-11-17
Avon Park,US,27.6,-81.51,49.98,46.4,53.6,,,76,5,4.7,360.0,2018-11-17
Kailua,US,21.39,-157.74,73.08,69.8,77.0,,,87,75,16.11,60.0,2018-11-17
Great Falls,US,47.5,-111.29,2.01,-2.21,5.0,,,91,40,2.98,243.508,2018-11-17
Porterville,US,36.07,-119.02,37.53,35.06,39.92,,,75,24,2.08,129.508,2018-11-17
Brigantine,US,39.41,-74.36,41.22,39.02,42.98,,,70,90,9.17,260.0,2018-11-17
Oswego,US,37.17,-95.11,41.07,35.06,48.92,,,79,1,4.76,187.508,2018-11-17
Meridian,US,32.36,-88.7,33.98,33.98,33.98,,,88,1,2.64,230.008,2018-11-17
Bismarck,US,46.81,-100.78,2.75,-0.41,5.0,,,91,1,5.82,330.0,2018-11-17
Mastic Beach,US,40.77,-72.85,38.86,35.96,42.08,,,80,75,4.7,230.0,2018-11-17
Marshall,US,39.39,-87.69,32.04,30.92,33.98,,,90,90,6.93,120.0,2018-11-17
Ridgecrest,US,35.62,-117.67,35.96,35.96,35.96,,,28,90,2.3,184.508,2018-11-17
Morgan City,US,29.7,-91.21,39.2,39.2,39.2,,,93,90,3.53,91.5075,2018-11-17
Junction City,US,39.03,-96.83,39.49,39.02,39.92,,,77,75,10.29,20.0,2018-11-17
Old Bridge,US,40.41,-74.3,39.76,37.94,42.08,,,71,40,5.82,270.0,2018-11-17
Santa Barbara,US,34.42,-119.7,47.98,41.0,51.08,,,80,1,7.45,317.508,2018-11-17
Seminole,US,32.72,-102.64,28.31,28.22,28.4,,,84,1,2.98,219.508,2018-11-17
Beckley,US,37.78,-81.19,31.57,29.3,35.96,,,85,90,1.97,303.508,2018-11-17
Grand Forks,US,47.91,-97.06,1.13,-0.05,3.2,,,77,1,6.93,340.0,2018-11-17
Columbus,US,32.46,-84.99,36.09,32.9,37.94,,,97,1,2.3,322.508,2018-11-17
El Reno,US,35.53,-97.96,41.72,35.96,46.04,,,86,1,9.17,160.0,2018-11-17
Monroe,US,41.91,-83.4,34.88,31.82,37.04,,,97,40,8.68,251.008,2018-11-17
Port Hueneme,US,34.15,-119.2,50.25,48.92,51.98,,,83,1,6.93,20.0,2018-11-17
Godfrey,US,38.96,-90.19,31.89,31.1,33.08,,,95,75,6.93,100.0,2018-11-17
Point Pleasant,US,40.08,-74.07,40.24,39.02,41.0,,,71,40,5.82,270.0,2018-11-17
Middlebury,US,44.01,-73.17,36.81,33.98,39.02,,,69,90,5.82,290.0,2018-11-17
Hurricane,US,37.18,-113.29,33.66,28.94,37.04,,,60,1,3.36,190.0,2018-11-17
Hibbing,US,47.43,-92.94,11.48,8.6,15.08,,,77,90,10.29,320.0,2018-11-17
Casper,US,42.87,-106.31,15.08,15.08,15.08,,,90,90,13.87,30.0,2018-11-17
North Myrtle Beach,US,33.83,-78.68,40.42,36.5,42.98,,,100,1,13.04,16.5075,2018-11-17
Truth or Consequences,US,33.13,-107.25,37.94,37.94,37.94,,,30,1,6.93,280.0,2018-11-17
Zachary,US,30.65,-91.16,35.96,35.96,35.96,,,96,1,2.64,101.008,2018-11-17
Copperas Cove,US,31.12,-97.9,43.88,41.54,46.76,,,93,1,3.31,188.508,2018-11-17
Roseburg,US,43.22,-123.34,46.04,46.04,46.04,,,92,90,4.7,360.0,2018-11-17
Plainview,US,34.18,-101.71,31.08,30.02,32.0,,,77,1,9.17,290.0,2018-11-17
Athens,US,34.8,-86.97,32.22,30.2,33.98,,,79,1,3.31,149.508,2018-11-17
Chase,US,43.89,-85.64,31.55,28.76,33.26,,,73,90,3.87,302.508,2018-11-17
Flint,US,43.02,-83.72,32.63,32.0,33.8,,,85,90,7.78,276.508,2018-11-17
Honolulu,US,21.3,-157.86,73.13,69.8,77.0,,,87,75,16.11,60.0,2018-11-17
Timberlake,US,32.26,-81.31,37.18,34.88,41.0,,,93,1,2.64,323.508,2018-11-17
Magalia,US,39.81,-121.58,37.87,35.6,42.08,,,59,90,3.36,340.0,2018-11-17
Bloomingdale,US,41.96,-88.08,32.54,30.92,34.7,,,92,90,3.36,360.0,2018-11-17
Oakdale,US,44.96,-92.97,22.26,21.2,23.0,,,72,90,6.93,350.0,2018-11-17
Cortez,US,37.35,-108.58,17.06,17.06,17.06,,,63,1,8.05,50.0,2018-11-17
Craig,US,40.52,-107.55,24.84,21.92,28.94,,,70,90,2.42,144.008,2018-11-17
Merrill,US,42.03,-121.6,35.06,35.06,35.06,,,88,1,6.93,350.0,2018-11-17
Portales,US,34.19,-103.33,40.33,39.02,41.0,,,47,1,16.11,340.0,2018-11-17
Sumter,US,33.92,-80.34,34.14,32.0,39.02,,,100,1,2.98,38.0075,2018-11-17
Safford,US,32.83,-109.71,32.0,32.0,32.0,,,51,1,4.7,90.0,2018-11-17
Rapid Valley,US,44.06,-103.15,15.33,14.0,19.04,,,91,90,13.87,10.0,2018-11-17
Jackson,US,35.61,-88.82,32.56,30.02,35.6,,,76,1,5.44,164.008,2018-11-17
Mountain Home,US,43.13,-115.69,37.9,35.96,41.0,,,100,90,5.88,298.508,2018-11-17
Red Bluff,US,40.18,-122.24,34.54,32.0,35.96,,,69,90,3.36,20.0,2018-11-17
Fort Dix,US,40.03,-74.62,40.24,37.94,42.08,,,100,90,5.82,250.0,2018-11-17
Houston,US,29.76,-95.37,50.09,45.5,55.4,,,87,1,3.2,139.008,2018-11-17
Wahpeton,US,46.27,-96.61,5.32,1.4,6.8,,,77,44,14.99,350.0,2018-11-17
Astoria,US,46.19,-123.83,44.96,44.96,44.96,,,92,1,4.09,50.0075,2018-11-17
Miles City,US,46.41,-105.84,10.04,10.04,10.04,,,79,90,6.93,300.0,2018-11-17
Brandon,US,43.59,-96.57,15.37,12.2,17.96,,,80,75,13.87,10.0,2018-11-17
Nanticoke,US,41.21,-76.0,33.67,32.0,35.06,,,95,90,11.41,280.0,2018-11-17
Macon,US,32.84,-83.63,37.56,33.8,42.8,,,100,1,3.36,300.0,2018-11-17
Los Alamos,US,35.88,-106.3,31.98,28.94,37.4,,,41,1,2.42,3.50751,2018-11-17
Waycross,US,31.21,-82.35,36.32,33.8,39.38,,,90,1,2.64,338.008,2018-11-17
Amarillo,US,35.21,-101.83,37.31,35.6,38.12,,,80,40,26.4,350.0,2018-11-17
Platteville,US,42.73,-90.48,29.79,28.94,32.0,,,100,90,5.82,30.0,2018-11-17
Washougal,US,45.58,-122.35,42.89,37.94,50.0,,,92,1,6.44,77.5075,2018-11-17
Springfield,US,37.22,-93.29,42.98,42.98,42.98,,,73,1,10.29,170.0,2018-11-17
Thomaston,US,32.89,-84.33,36.34,32.0,42.8,,,75,1,5.82,350.0,2018-11-17
Fort Myers Beach,US,26.45,-81.95,52.72,48.92,57.02,,,82,1,9.17,30.0,2018-11-17
Seaside,US,45.99,-123.92,41.4,37.4,44.96,,,100,90,13.71,61.0075,2018-11-17
Yucca Valley,US,34.12,-116.41,41.23,23.0,53.06,,,29,1,6.93,340.0,2018-11-17
Charlottesville,US,38.03,-78.48,30.83,27.14,37.94,,,72,1,2.08,293.008,2018-11-17
Buckeye,US,33.37,-112.58,44.28,37.4,50.0,,,55,1,5.82,330.0,2018-11-17
Tooele,US,40.53,-112.3,28.67,24.98,33.08,,,71,75,5.82,170.0,2018-11-17
Traverse City,US,44.76,-85.62,31.1,28.76,33.08,,,85,90,3.36,300.0,2018-11-17
Kihei,US,20.76,-156.45,72.81,71.06,75.02,,,87,75,9.17,40.0,2018-11-17
Lamesa,US,32.74,-101.95,28.22,28.22,28.22,,,84,1,7.45,211.508,2018-11-17
Oregon City,US,45.36,-122.61,43.02,37.94,50.0,,,92,1,6.44,77.5075,2018-11-17
Emporia,US,38.4,-96.18,33.08,33.08,33.08,,,95,1,7.67,341.508,2018-11-17
Middletown,US,41.55,-71.29,38.55,35.96,39.92,,,100,75,12.75,250.0,2018-11-17
Whitefish,US,48.41,-114.33,19.94,19.94,19.94,,,64,1,9.17,350.0,2018-11-17
Reidsville,US,36.35,-79.66,32.47,26.6,39.2,,,96,1,2.42,334.008,2018-11-17
Mandan,US,46.83,-100.89,2.84,-0.41,5.0,,,91,1,5.82,330.0,2018-11-17
Pleasanton,US,37.66,-121.87,41.45,35.06,44.96,,,56,1,1.74,151.008,2018-11-17
Missoula,US,46.87,-114.0,26.06,26.06,26.06,,,59,90,10.29,100.0,2018-11-17
Lexington,US,38.05,-84.5,35.65,32.0,37.94,,,92,90,2.86,100.508,2018-11-17
Hutchinson,US,38.06,-97.93,38.37,37.04,39.92,,,89,75,20.8,10.0,2018-11-17
Bend,US,44.06,-121.32,39.63,39.2,39.92,,,64,90,3.36,310.0,2018-11-17
Leon Valley,US,29.5,-98.62,42.94,40.64,44.24,,,88,40,4.7,300.0,2018-11-17
Altus,US,34.64,-99.33,37.71,32.9,42.98,,,83,1,8.05,120.0,2018-11-17
Emmett,US,43.87,-116.5,37.22,35.6,41.0,,,100,1,4.7,280.0,2018-11-17
Scottsbluff,US,41.87,-103.67,20.88,17.96,23.0,,,96,90,16.11,30.0,2018-11-17
Buffalo Grove,US,41.98,-89.6,30.69,30.02,31.1,,,100,90,7.45,37.5075,2018-11-17
Alexandria,US,31.31,-92.44,36.23,33.08,39.02,,,94,1,2.75,156.008,2018-11-17
Vincennes,US,38.68,-87.53,30.25,28.4,32.0,,,96,20,4.7,50.0,2018-11-17
Tupelo,US,34.26,-88.7,35.06,35.06,35.06,,,88,1,5.44,181.008,2018-11-17
Natchitoches,US,31.76,-93.09,38.95,37.4,39.92,,,100,1,4.09,172.508,2018-11-17
Coalinga,US,36.14,-120.36,36.1,35.06,37.04,,,66,1,3.36,210.0,2018-11-17
Matamoros,US,25.87,-97.51,62.08,59.0,64.4,,,93,75,3.53,105.008,2018-11-17
Gallup,US,35.53,-108.74,20.37,19.94,21.02,,,61,1,4.43,201.508,2018-11-17
Madison,US,43.07,-89.38,28.54,25.7,32.0,,,92,90,5.82,340.0,2018-11-17
Norway,US,45.79,-87.9,23.0,23.0,23.0,,,77,75,9.17,330.0,2018-11-17
Fairfield,US,38.25,-122.04,34.3,30.2,41.0,,,70,40,3.36,340.0,2018-11-17
El Campo,US,29.2,-96.27,51.78,49.46,55.94,,,92,40,4.43,114.008,2018-11-17
Santa Paula,US,34.35,-119.06,50.2,48.92,51.08,,,63,1,5.82,70.0,2018-11-17
Oxnard,US,34.2,-119.18,50.04,48.02,51.98,,,68,1,4.7,70.0,2018-11-17
West Fargo,US,46.88,-96.9,2.34,1.4,3.02,,,77,1,8.05,330.0,2018-11-17
Havre,US,48.55,-109.68,-0.94,-0.94,-0.94,,,86,40,5.32,217.008,2018-11-17
Berea,US,41.37,-81.85,36.75,33.98,39.2,,,100,90,11.41,250.0,2018-11-17
Glendive,US,47.11,-104.71,8.78,8.6,8.96,,,92,90,5.82,310.0,2018-11-17
Laurinburg,US,34.77,-79.46,33.46,28.04,39.2,,,100,1,4.99,19.5075,2018-11-17
